Workbook

Sheet spread
A1: Date | B1: US 10 Year Yield | C1: US 30 Year Yield | D1: China 10 Year Yield | E1: US Minus China 10Y Spread | F1: BTC Spot Price | G1: US 2 Year Yield | H1: China 2 Year Yield | I1: 2s10s | J1: DXY | K1: BTC ReT | L1: Japan 10Y | M1: Japan 2Y | N1: SPX | O1: NDX | P1: US 5 Year Yield | Q1: 5s30s | R1: 10Y US Minus 10Y Japan
A2: 42005 | E2: =IF(AND(ISNUMBER(B2), ISNUMBER(D2)), B2-D2, "") | F2: 314.49 | I2: =IF(AND(ISNUMBER(B2), ISNUMBER(G2)), B2-G2, "") | J2: 90.276 | Q2: =IF(AND(ISNUMBER(C2), ISNUMBER(P2)), C2-P2, "") | R2: =IF(AND(ISNUMBER(B2), ISNUMBER(L2)), B2-L2, "")
A3: 42006 | B3: 2.1105 | C3: 2.688 | E3: =IF(AND(ISNUMBER(B3), ISNUMBER(D3)), B3-D3, "") | F3: 314.73 | G3: 0.6647 | I3: =IF(AND(ISNUMBER(B3), ISNUMBER(G3)), B3-G3, "") -> 1.4458 | J3: 91.08 | K3: =F3/F2-1 -> 0.00076314032 | N3: 2058.2 | O3: 4230.2402 | P3: 1.607 | Q3: =IF(AND(ISNUMBER(C3), ISNUMBER(P3)), C3-P3, "") -> 1.081 | R3: =IF(AND(ISNUMBER(B3), ISNUMBER(L3)), B3-L3, "")
A4: 42008 | E4: =IF(AND(ISNUMBER(B4), ISNUMBER(D4)), B4-D4, "") | F4: 266.26 | I4: =IF(AND(ISNUMBER(B4), ISNUMBER(G4)), B4-G4, "") | K4: =F4/F3-1 -> -0.15400502 | Q4: =IF(AND(ISNUMBER(C4), ISNUMBER(P4)), C4-P4, "") | R4: =IF(AND(ISNUMBER(B4), ISNUMBER(L4)), B4-L4, "")
A5: 42009 | B5: 2.032 | C5: 2.5987 | D5: 3.65 | E5: =IF(AND(ISNUMBER(B5), ISNUMBER(D5)), B5-D5, "") -> -1.618 | F5: 270.93 | G5: 0.6568 | H5: 3.34 | I5: =IF(AND(ISNUMBER(B5), ISNUMBER(G5)), B5-G5, "") -> 1.3752 | J5: 91.378 | K5: =F5/F4-1 -> 0.017539247 | L5: 0.32 | M5: -0.025 | N5: 2020.58 | O5: 4160.96 | P5: 1.5645 | Q5: =IF(AND(ISNUMBER(C5), ISNUMBER(P5)), C5-P5, "") -> 1.0342 | R5: =IF(AND(ISNUMBER(B5), ISNUMBER(L5)), B5-L5, "") -> 1.712
A6: 42010 | B6: 1.9402 | C6: 2.5023 | D6: 3.64 | E6: =IF(AND(ISNUMBER(B6), ISNUMBER(D6)), B6-D6, "") -> -1.6998 | F6: 286.41 | G6: 0.625 | H6: 3.33 | I6: =IF(AND(ISNUMBER(B6), ISNUMBER(G6)), B6-G6, "") -> 1.3152 | J6: 91.499 | K6: =F6/F5-1 -> 0.05713653 | L6: 0.288 | M6: -0.026 | N6: 2002.61 | O6: 4110.8301 | P6: 1.478 | Q6: =IF(AND(ISNUMBER(C6), ISNUMBER(P6)), C6-P6, "") -> 1.0243 | R6: =IF(AND(ISNUMBER(B6), ISNUMBER(L6)), B6-L6, "") -> 1.6522
A7: 42011 | B7: 1.9677 | C7: 2.5289 | D7: 3.65 | E7: =IF(AND(ISNUMBER(B7), ISNUMBER(D7)), B7-D7, "") -> -1.6823 | F7: 296.13 | G7: 0.6091 | H7: 3.3 | I7: =IF(AND(ISNUMBER(B7), ISNUMBER(G7)), B7-G7, "") -> 1.3586 | J7: 91.89 | K7: =F7/F6-1 -> 0.033937363 | L7: 0.296 | M7: -0.026 | N7: 2025.9 | O7: 4160 | P7: 1.4779 | Q7: =IF(AND(ISNUMBER(C7), ISNUMBER(P7)), C7-P7, "") -> 1.051 | R7: =IF(AND(ISNUMBER(B7), ISNUMBER(L7)), B7-L7, "") -> 1.6717
A8: 42012 | B8: 2.0179 | C8: 2.5993 | E8: =IF(AND(ISNUMBER(B8), ISNUMBER(D8)), B8-D8, "") | F8: 293.83 | G8: 0.6051 | I8: =IF(AND(ISNUMBER(B8), ISNUMBER(G8)), B8-G8, "") -> 1.4128 | J8: 92.368 | K8: =F8/F7-1 -> -0.0077668591 | L8: 0.288 | M8: -0.027 | N8: 2062.14 | O8: 4240.5498 | P8: 1.4909 | Q8: =IF(AND(ISNUMBER(C8), ISNUMBER(P8)), C8-P8, "") -> 1.1084 | R8: =IF(AND(ISNUMBER(B8), ISNUMBER(L8)), B8-L8, "") -> 1.7299
A9: 42013 | B9: 1.9449 | C9: 2.5281 | E9: =IF(AND(ISNUMBER(B9), ISNUMBER(D9)), B9-D9, "") | F9: 289.81 | G9: 0.561 | I9: =IF(AND(ISNUMBER(B9), ISNUMBER(G9)), B9-G9, "") -> 1.3839 | J9: 91.935 | K9: =F9/F8-1 -> -0.01368138 | L9: 0.269 | M9: -0.036 | N9: 2044.81 | O9: 4213.2798 | P9: 1.419 | Q9: =IF(AND(ISNUMBER(C9), ISNUMBER(P9)), C9-P9, "") -> 1.1091 | R9: =IF(AND(ISNUMBER(B9), ISNUMBER(L9)), B9-L9, "") -> 1.6759
A10: 42015 | E10: =IF(AND(ISNUMBER(B10), ISNUMBER(D10)), B10-D10, "") | F10: 268.12 | I10: =IF(AND(ISNUMBER(B10), ISNUMBER(G10)), B10-G10, "") | K10: =F10/F9-1 -> -0.074842138 | Q10: =IF(AND(ISNUMBER(C10), ISNUMBER(P10)), C10-P10, "") | R10: =IF(AND(ISNUMBER(B10), ISNUMBER(L10)), B10-L10, "")
A11: 42016 | B11: 1.907 | C11: 2.4965 | D11: 3.65 | E11: =IF(AND(ISNUMBER(B11), ISNUMBER(D11)), B11-D11, "") -> -1.743 | F11: 270.65 | G11: 0.5449 | H11: 3.29 | I11: =IF(AND(ISNUMBER(B11), ISNUMBER(G11)), B11-G11, "") -> 1.3621 | J11: 91.983 | K11: =F11/F10-1 -> 0.0094360734 | N11: 2028.26 | O11: 4169.9702 | P11: 1.3799 | Q11: =IF(AND(ISNUMBER(C11), ISNUMBER(P11)), C11-P11, "") -> 1.1166 | R11: =IF(AND(ISNUMBER(B11), ISNUMBER(L11)), B11-L11, "")
A12: 42017 | B12: 1.9 | C12: 2.4992 | E12: =IF(AND(ISNUMBER(B12), ISNUMBER(D12)), B12-D12, "") | F12: 236.05 | G12: 0.5388 | I12: =IF(AND(ISNUMBER(B12), ISNUMBER(G12)), B12-G12, "") -> 1.3612 | J12: 92.31 | K12: =F12/F11-1 -> -0.12784038 | L12: 0.258 | M12: -0.03 | N12: 2023.03 | O12: 4166.2002 | P12: 1.3684 | Q12: =IF(AND(ISNUMBER(C12), ISNUMBER(P12)), C12-P12, "") -> 1.1308 | R12: =IF(AND(ISNUMBER(B12), ISNUMBER(L12)), B12-L12, "") -> 1.642
A13: 42018 | B13: 1.8553 | C13: 2.4685 | E13: =IF(AND(ISNUMBER(B13), ISNUMBER(D13)), B13-D13, "") | F13: 183.07 | G13: 0.5006 | I13: =IF(AND(ISNUMBER(B13), ISNUMBER(G13)), B13-G13, "") -> 1.3547 | J13: 92.161 | K13: =F13/F12-1 -> -0.22444397 | L13: 0.249 | M13: -0.03 | N13: 2011.27 | O13: 4145.8398 | P13: 1.3196 | Q13: =IF(AND(ISNUMBER(C13), ISNUMBER(P13)), C13-P13, "") -> 1.1489 | R13: =IF(AND(ISNUMBER(B13), ISNUMBER(L13)), B13-L13, "") -> 1.6063
A14: 42019 | B14: 1.7149 | C14: 2.3677 | D14: 3.56 | E14: =IF(AND(ISNUMBER(B14), ISNUMBER(D14)), B14-D14, "") -> -1.8451 | F14: 206.68 | G14: 0.4122 | H14: 3.24 | I14: =IF(AND(ISNUMBER(B14), ISNUMBER(G14)), B14-G14, "") -> 1.3027 | J14: 92.352 | K14: =F14/F13-1 -> 0.12896706 | L14: 0.248 | M14: -0.029 | N14: 1992.67 | O14: 4089.6499 | P14: 1.1613 | Q14: =IF(AND(ISNUMBER(C14), ISNUMBER(P14)), C14-P14, "") -> 1.2064 | R14: =IF(AND(ISNUMBER(B14), ISNUMBER(L14)), B14-L14, "") -> 1.4669
A15: 42020 | B15: 1.8368 | C15: 2.4531 | D15: 3.57 | E15: =IF(AND(ISNUMBER(B15), ISNUMBER(D15)), B15-D15, "") -> -1.7332 | F15: 208.34 | G15: 0.4835 | H15: 3.23 | I15: =IF(AND(ISNUMBER(B15), ISNUMBER(G15)), B15-G15, "") -> 1.3533 | J15: 92.52 | K15: =F15/F14-1 -> 0.0080317399 | L15: 0.237 | M15: -0.03 | N15: 2019.42 | O15: 4142.1401 | P15: 1.3026 | Q15: =IF(AND(ISNUMBER(C15), ISNUMBER(P15)), C15-P15, "") -> 1.1505 | R15: =IF(AND(ISNUMBER(B15), ISNUMBER(L15)), B15-L15, "") -> 1.5998
A16: 42022 | E16: =IF(AND(ISNUMBER(B16), ISNUMBER(D16)), B16-D16, "") | F16: 207.87 | I16: =IF(AND(ISNUMBER(B16), ISNUMBER(G16)), B16-G16, "") | K16: =F16/F15-1 -> -0.0022559278 | Q16: =IF(AND(ISNUMBER(C16), ISNUMBER(P16)), C16-P16, "") | R16: =IF(AND(ISNUMBER(B16), ISNUMBER(L16)), B16-L16, "")
A17: 42023 | D17: 3.52 | E17: =IF(AND(ISNUMBER(B17), ISNUMBER(D17)), B17-D17, "") | F17: 216.21 | H17: 3.23 | I17: =IF(AND(ISNUMBER(B17), ISNUMBER(G17)), B17-G17, "") | J17: 92.52 | K17: =F17/F16-1 -> 0.04012123 | L17: 0.196 | M17: -0.03 | Q17: =IF(AND(ISNUMBER(C17), ISNUMBER(P17)), C17-P17, "") | R17: =IF(AND(ISNUMBER(B17), ISNUMBER(L17)), B17-L17, "")
A18: 42024 | B18: 1.788 | C18: 2.3777 | D18: 3.49 | E18: =IF(AND(ISNUMBER(B18), ISNUMBER(D18)), B18-D18, "") -> -1.702 | F18: 211.18 | G18: 0.4914 | H18: 3.23 | I18: =IF(AND(ISNUMBER(B18), ISNUMBER(G18)), B18-G18, "") -> 1.2966 | J18: 93.046 | K18: =F18/F17-1 -> -0.023264419 | L18: 0.213 | M18: -0.035 | N18: 2022.55 | O18: 4171.21 | P18: 1.2797 | Q18: =IF(AND(ISNUMBER(C18), ISNUMBER(P18)), C18-P18, "") -> 1.098 | R18: =IF(AND(ISNUMBER(B18), ISNUMBER(L18)), B18-L18, "") -> 1.575
A19: 42025 | B19: 1.8717 | C19: 2.4614 | D19: 3.49 | E19: =IF(AND(ISNUMBER(B19), ISNUMBER(D19)), B19-D19, "") -> -1.6183 | F19: 225.1 | G19: 0.5074 | H19: 3.23 | I19: =IF(AND(ISNUMBER(B19), ISNUMBER(G19)), B19-G19, "") -> 1.3643 | J19: 92.904 | K19: =F19/F18-1 -> 0.065915333 | L19: 0.242 | M19: -0.035 | N19: 2032.12 | O19: 4192.0898 | P19: 1.3494 | Q19: =IF(AND(ISNUMBER(C19), ISNUMBER(P19)), C19-P19, "") -> 1.112 | R19: =IF(AND(ISNUMBER(B19), ISNUMBER(L19)), B19-L19, "") -> 1.6297
A20: 42026 | B20: 1.8631 | C20: 2.4385 | D20: 3.48 | E20: =IF(AND(ISNUMBER(B20), ISNUMBER(D20)), B20-D20, "") -> -1.6169 | F20: 231.92 | G20: 0.5174 | H20: 3.22 | I20: =IF(AND(ISNUMBER(B20), ISNUMBER(G20)), B20-G20, "") -> 1.3457 | J20: 94.077 | K20: =F20/F19-1 -> 0.030297645 | L20: 0.31 | M20: -0.022 | N20: 2063.15 | O20: 4270.3599 | P20: 1.3639 | Q20: =IF(AND(ISNUMBER(C20), ISNUMBER(P20)), C20-P20, "") -> 1.0746 | R20: =IF(AND(ISNUMBER(B20), ISNUMBER(L20)), B20-L20, "") -> 1.5531
A21: 42027 | B21: 1.7968 | C21: 2.3735 | E21: =IF(AND(ISNUMBER(B21), ISNUMBER(D21)), B21-D21, "") | F21: 237.01 | G21: 0.4864 | I21: =IF(AND(ISNUMBER(B21), ISNUMBER(G21)), B21-G21, "") -> 1.3104 | J21: 94.762 | K21: =F21/F20-1 -> 0.021947223 | L21: 0.228 | M21: -0.021 | N21: 2051.82 | O21: 4278.1401 | P21: 1.308 | Q21: =IF(AND(ISNUMBER(C21), ISNUMBER(P21)), C21-P21, "") -> 1.0655 | R21: =IF(AND(ISNUMBER(B21), ISNUMBER(L21)), B21-L21, "") -> 1.5688
A22: 42029 | E22: =IF(AND(ISNUMBER(B22), ISNUMBER(D22)), B22-D22, "") | F22: 251.78 | I22: =IF(AND(ISNUMBER(B22), ISNUMBER(G22)), B22-G22, "") | K22: =F22/F21-1 -> 0.062318046 | Q22: =IF(AND(ISNUMBER(C22), ISNUMBER(P22)), C22-P22, "") | R22: =IF(AND(ISNUMBER(B22), ISNUMBER(L22)), B22-L22, "")
A23: 42030 | B23: 1.8241 | C23: 2.3972 | E23: =IF(AND(ISNUMBER(B23), ISNUMBER(D23)), B23-D23, "") | F23: 271.61 | G23: 0.5107 | H23: 3.21 | I23: =IF(AND(ISNUMBER(B23), ISNUMBER(G23)), B23-G23, "") -> 1.3134 | J23: 94.802 | K23: =F23/F22-1 -> 0.078759234 | L23: 0.224 | M23: -0.018 | N23: 2057.09 | O23: 4275.7202 | P23: 1.3372 | Q23: =IF(AND(ISNUMBER(C23), ISNUMBER(P23)), C23-P23, "") -> 1.06 | R23: =IF(AND(ISNUMBER(B23), ISNUMBER(L23)), B23-L23, "") -> 1.6001
A24: 42031 | B24: 1.8231 | C24: 2.3999 | D24: 3.45 | E24: =IF(AND(ISNUMBER(B24), ISNUMBER(D24)), B24-D24, "") -> -1.6269 | F24: 261.76 | G24: 0.5105 | H24: 3.21 | I24: =IF(AND(ISNUMBER(B24), ISNUMBER(G24)), B24-G24, "") -> 1.3126 | J24: 94.022 | K24: =F24/F23-1 -> -0.036265233 | L24: 0.254 | M24: -0.018 | N24: 2029.55 | O24: 4165.5 | P24: 1.3354 | Q24: =IF(AND(ISNUMBER(C24), ISNUMBER(P24)), C24-P24, "") -> 1.0645 | R24: =IF(AND(ISNUMBER(B24), ISNUMBER(L24)), B24-L24, "") -> 1.5691
A25: 42032 | B25: 1.7207 | C25: 2.2908 | E25: =IF(AND(ISNUMBER(B25), ISNUMBER(D25)), B25-D25, "") | F25: 235.94 | G25: 0.4654 | I25: =IF(AND(ISNUMBER(B25), ISNUMBER(G25)), B25-G25, "") -> 1.2553 | J25: 94.467 | K25: =F25/F24-1 -> -0.098639976 | L25: 0.285 | M25: 0 | N25: 2002.16 | O25: 4140.3799 | P25: 1.2391 | Q25: =IF(AND(ISNUMBER(C25), ISNUMBER(P25)), C25-P25, "") -> 1.0517 | R25: =IF(AND(ISNUMBER(B25), ISNUMBER(L25)), B25-L25, "") -> 1.4357
A26: 42033 | B26: 1.7512 | C26: 2.3148 | D26: 3.5 | E26: =IF(AND(ISNUMBER(B26), ISNUMBER(D26)), B26-D26, "") -> -1.7488 | F26: 234.12 | G26: 0.5158 | H26: 3.17 | I26: =IF(AND(ISNUMBER(B26), ISNUMBER(G26)), B26-G26, "") -> 1.2354 | J26: 94.782 | K26: =F26/F25-1 -> -0.0077138255 | L26: 0.287 | M26: 0.001 | N26: 2021.25 | O26: 4181.3501 | P26: 1.2698 | Q26: =IF(AND(ISNUMBER(C26), ISNUMBER(P26)), C26-P26, "") -> 1.045 | R26: =IF(AND(ISNUMBER(B26), ISNUMBER(L26)), B26-L26, "") -> 1.4642
A27: 42034 | B27: 1.6407 | C27: 2.2222 | D27: 3.51 | E27: =IF(AND(ISNUMBER(B27), ISNUMBER(D27)), B27-D27, "") -> -1.8693 | F27: 229.67 | G27: 0.4488 | H27: 3.19 | I27: =IF(AND(ISNUMBER(B27), ISNUMBER(G27)), B27-G27, "") -> 1.1919 | J27: 94.804 | K27: =F27/F26-1 -> -0.019007347 | L27: 0.271 | N27: 1994.99 | O27: 4148.4302 | P27: 1.1548 | Q27: =IF(AND(ISNUMBER(C27), ISNUMBER(P27)), C27-P27, "") -> 1.0674 | R27: =IF(AND(ISNUMBER(B27), ISNUMBER(L27)), B27-L27, "") -> 1.3697
A28: 42036 | E28: =IF(AND(ISNUMBER(B28), ISNUMBER(D28)), B28-D28, "") | F28: 231.1 | I28: =IF(AND(ISNUMBER(B28), ISNUMBER(G28)), B28-G28, "") | K28: =F28/F27-1 -> 0.0062263247 | Q28: =IF(AND(ISNUMBER(C28), ISNUMBER(P28)), C28-P28, "") | R28: =IF(AND(ISNUMBER(B28), ISNUMBER(L28)), B28-L28, "")
A29: 42037 | B29: 1.6642 | C29: 2.2503 | D29: 3.52 | E29: =IF(AND(ISNUMBER(B29), ISNUMBER(D29)), B29-D29, "") -> -1.8558 | F29: 227.3 | G29: 0.4586 | I29: =IF(AND(ISNUMBER(B29), ISNUMBER(G29)), B29-G29, "") -> 1.2056 | J29: 94.504 | K29: =F29/F28-1 -> -0.016443098 | L29: 0.284 | M29: 0.012 | N29: 2020.85 | O29: 4188.5898 | P29: 1.1789 | Q29: =IF(AND(ISNUMBER(C29), ISNUMBER(P29)), C29-P29, "") -> 1.0714 | R29: =IF(AND(ISNUMBER(B29), ISNUMBER(L29)), B29-L29, "") -> 1.3802
A30: 42038 | B30: 1.7915 | C30: 2.3792 | D30: 3.49 | E30: =IF(AND(ISNUMBER(B30), ISNUMBER(D30)), B30-D30, "") -> -1.6985 | F30: 227.86 | G30: 0.5079 | H30: 3.22 | I30: =IF(AND(ISNUMBER(B30), ISNUMBER(G30)), B30-G30, "") -> 1.2836 | J30: 93.6 | K30: =F30/F29-1 -> 0.0024637044 | L30: 0.361 | M30: 0.022 | N30: 2050.03 | O30: 4229.1499 | P30: 1.2889 | Q30: =IF(AND(ISNUMBER(C30), ISNUMBER(P30)), C30-P30, "") -> 1.0903 | R30: =IF(AND(ISNUMBER(B30), ISNUMBER(L30)), B30-L30, "") -> 1.4305
A31: 42039 | B31: 1.7513 | C31: 2.3481 | E31: =IF(AND(ISNUMBER(B31), ISNUMBER(D31)), B31-D31, "") | F31: 224.98 | G31: 0.4842 | I31: =IF(AND(ISNUMBER(B31), ISNUMBER(G31)), B31-G31, "") -> 1.2671 | J31: 93.986 | K31: =F31/F30-1 -> -0.01263934 | L31: 0.376 | M31: 0.025 | N31: 2041.51 | O31: 4221.2002 | P31: 1.2484 | Q31: =IF(AND(ISNUMBER(C31), ISNUMBER(P31)), C31-P31, "") -> 1.0997 | R31: =IF(AND(ISNUMBER(B31), ISNUMBER(L31)), B31-L31, "") -> 1.3753
A32: 42040 | B32: 1.8204 | C32: 2.4318 | D32: 3.46 | E32: =IF(AND(ISNUMBER(B32), ISNUMBER(D32)), B32-D32, "") -> -1.6396 | F32: 218.76 | G32: 0.5198 | H32: 3.2 | I32: =IF(AND(ISNUMBER(B32), ISNUMBER(G32)), B32-G32, "") -> 1.3006 | J32: 93.569 | K32: =F32/F31-1 -> -0.027646902 | L32: 0.354 | M32: 0.044 | N32: 2062.52 | O32: 4256.1802 | P32: 1.3036 | Q32: =IF(AND(ISNUMBER(C32), ISNUMBER(P32)), C32-P32, "") -> 1.1282 | R32: =IF(AND(ISNUMBER(B32), ISNUMBER(L32)), B32-L32, "") -> 1.4664
A33: 42041 | B33: 1.9567 | C33: 2.5287 | D33: 3.46 | E33: =IF(AND(ISNUMBER(B33), ISNUMBER(D33)), B33-D33, "") -> -1.5033 | F33: 223.37 | G33: 0.6435 | H33: 3.19 | I33: =IF(AND(ISNUMBER(B33), ISNUMBER(G33)), B33-G33, "") -> 1.3132 | J33: 94.698 | K33: =F33/F32-1 -> 0.021073322 | L33: 0.334 | M33: 0.027 | N33: 2055.47 | O33: 4228.6802 | P33: 1.4788 | Q33: =IF(AND(ISNUMBER(C33), ISNUMBER(P33)), C33-P33, "") -> 1.0499 | R33: =IF(AND(ISNUMBER(B33), ISNUMBER(L33)), B33-L33, "") -> 1.6227
A34: 42043 | E34: =IF(AND(ISNUMBER(B34), ISNUMBER(D34)), B34-D34, "") | F34: 222.08 | I34: =IF(AND(ISNUMBER(B34), ISNUMBER(G34)), B34-G34, "") | K34: =F34/F33-1 -> -0.0057751712 | Q34: =IF(AND(ISNUMBER(C34), ISNUMBER(P34)), C34-P34, "") | R34: =IF(AND(ISNUMBER(B34), ISNUMBER(L34)), B34-L34, "")
A35: 42044 | B35: 1.9775 | C35: 2.5528 | E35: =IF(AND(ISNUMBER(B35), ISNUMBER(D35)), B35-D35, "") | F35: 221 | G35: 0.6517 | I35: =IF(AND(ISNUMBER(B35), ISNUMBER(G35)), B35-G35, "") -> 1.3258 | J35: 94.449 | K35: =F35/F34-1 -> -0.0048631124 | L35: 0.349 | M35: 0.043 | N35: 2046.74 | O35: 4216.0898 | P35: 1.5069 | Q35: =IF(AND(ISNUMBER(C35), ISNUMBER(P35)), C35-P35, "") -> 1.0459 | R35: =IF(AND(ISNUMBER(B35), ISNUMBER(L35)), B35-L35, "") -> 1.6285
A36: 42045 | B36: 1.9967 | C36: 2.5763 | D36: 3.43 | E36: =IF(AND(ISNUMBER(B36), ISNUMBER(D36)), B36-D36, "") -> -1.4333 | F36: 219.7 | G36: 0.6499 | H36: 3.2 | I36: =IF(AND(ISNUMBER(B36), ISNUMBER(G36)), B36-G36, "") -> 1.3468 | J36: 94.758 | K36: =F36/F35-1 -> -0.0058823529 | L36: 0.387 | M36: 0.045 | N36: 2068.59 | O36: 4281.1602 | P36: 1.512 | Q36: =IF(AND(ISNUMBER(C36), ISNUMBER(P36)), C36-P36, "") -> 1.0643 | R36: =IF(AND(ISNUMBER(B36), ISNUMBER(L36)), B36-L36, "") -> 1.6097
A37: 42046 | B37: 2.0176 | C37: 2.5863 | E37: =IF(AND(ISNUMBER(B37), ISNUMBER(D37)), B37-D37, "") | F37: 219.39 | G37: 0.6642 | I37: =IF(AND(ISNUMBER(B37), ISNUMBER(G37)), B37-G37, "") -> 1.3534 | J37: 94.985 | K37: =F37/F36-1 -> -0.001411015 | N37: 2068.53 | O37: 4297.2798 | P37: 1.5419 | Q37: =IF(AND(ISNUMBER(C37), ISNUMBER(P37)), C37-P37, "") -> 1.0444 | R37: =IF(AND(ISNUMBER(B37), ISNUMBER(L37)), B37-L37, "")
A38: 42047 | B38: 1.9844 | C38: 2.5755 | E38: =IF(AND(ISNUMBER(B38), ISNUMBER(D38)), B38-D38, "") | F38: 222.2 | G38: 0.6242 | I38: =IF(AND(ISNUMBER(B38), ISNUMBER(G38)), B38-G38, "") -> 1.3602 | J38: 94.094 | K38: =F38/F37-1 -> 0.012808241 | L38: 0.391 | M38: 0.044 | N38: 2088.48 | O38: 4347.9702 | P38: 1.4908 | Q38: =IF(AND(ISNUMBER(C38), ISNUMBER(P38)), C38-P38, "") -> 1.0847 | R38: =IF(AND(ISNUMBER(B38), ISNUMBER(L38)), B38-L38, "") -> 1.5934
A39: 42048 | B39: 2.0504 | C39: 2.6478 | D39: 3.38 | E39: =IF(AND(ISNUMBER(B39), ISNUMBER(D39)), B39-D39, "") -> -1.3296 | F39: 234.25 | G39: 0.6411 | H39: 3.16 | I39: =IF(AND(ISNUMBER(B39), ISNUMBER(G39)), B39-G39, "") -> 1.4093 | J39: 94.201 | K39: =F39/F38-1 -> 0.054230423 | L39: 0.419 | M39: 0.041 | N39: 2096.99 | O39: 4384.0298 | P39: 1.5377 | Q39: =IF(AND(ISNUMBER(C39), ISNUMBER(P39)), C39-P39, "") -> 1.1101 | R39: =IF(AND(ISNUMBER(B39), ISNUMBER(L39)), B39-L39, "") -> 1.6314
A40: 42050 | E40: =IF(AND(ISNUMBER(B40), ISNUMBER(D40)), B40-D40, "") | F40: 231.03 | I40: =IF(AND(ISNUMBER(B40), ISNUMBER(G40)), B40-G40, "") | K40: =F40/F39-1 -> -0.013745998 | Q40: =IF(AND(ISNUMBER(C40), ISNUMBER(P40)), C40-P40, "") | R40: =IF(AND(ISNUMBER(B40), ISNUMBER(L40)), B40-L40, "")
A41: 42051 | D41: 3.36 | E41: =IF(AND(ISNUMBER(B41), ISNUMBER(D41)), B41-D41, "") | F41: 237.01 | H41: 3.14 | I41: =IF(AND(ISNUMBER(B41), ISNUMBER(G41)), B41-G41, "") | J41: 94.201 | K41: =F41/F40-1 -> 0.025884084 | L41: 0.435 | M41: 0.039 | Q41: =IF(AND(ISNUMBER(C41), ISNUMBER(P41)), C41-P41, "") | R41: =IF(AND(ISNUMBER(B41), ISNUMBER(L41)), B41-L41, "")
A42: 42052 | B42: 2.1379 | C42: 2.7268 | E42: =IF(AND(ISNUMBER(B42), ISNUMBER(D42)), B42-D42, "") | F42: 241.53 | G42: 0.6615 | I42: =IF(AND(ISNUMBER(B42), ISNUMBER(G42)), B42-G42, "") -> 1.4764 | J42: 94.061 | K42: =F42/F41-1 -> 0.019070925 | L42: 0.393 | M42: 0.034 | N42: 2100.34 | O42: 4385.3398 | P42: 1.6059 | Q42: =IF(AND(ISNUMBER(C42), ISNUMBER(P42)), C42-P42, "") -> 1.1209 | R42: =IF(AND(ISNUMBER(B42), ISNUMBER(L42)), B42-L42, "") -> 1.7449
A43: 42053 | B43: 2.08 | C43: 2.7102 | E43: =IF(AND(ISNUMBER(B43), ISNUMBER(D43)), B43-D43, "") | F43: 233.48 | G43: 0.597 | I43: =IF(AND(ISNUMBER(B43), ISNUMBER(G43)), B43-G43, "") -> 1.483 | J43: 94.198 | K43: =F43/F42-1 -> -0.033329193 | L43: 0.405 | M43: 0.035 | N43: 2099.68 | O43: 4390.9102 | P43: 1.5181 | Q43: =IF(AND(ISNUMBER(C43), ISNUMBER(P43)), C43-P43, "") -> 1.1921 | R43: =IF(AND(ISNUMBER(B43), ISNUMBER(L43)), B43-L43, "") -> 1.675
A44: 42054 | B44: 2.1142 | C44: 2.7339 | E44: =IF(AND(ISNUMBER(B44), ISNUMBER(D44)), B44-D44, "") | F44: 240.91 | G44: 0.6174 | I44: =IF(AND(ISNUMBER(B44), ISNUMBER(G44)), B44-G44, "") -> 1.4968 | J44: 94.404 | K44: =F44/F43-1 -> 0.031822854 | L44: 0.388 | M44: 0.028 | N44: 2097.45 | O44: 4411.8599 | P44: 1.5764 | Q44: =IF(AND(ISNUMBER(C44), ISNUMBER(P44)), C44-P44, "") -> 1.1575 | R44: =IF(AND(ISNUMBER(B44), ISNUMBER(L44)), B44-L44, "") -> 1.7262
A45: 42055 | B45: 2.1117 | C45: 2.7142 | E45: =IF(AND(ISNUMBER(B45), ISNUMBER(D45)), B45-D45, "") | F45: 244.84 | G45: 0.6321 | I45: =IF(AND(ISNUMBER(B45), ISNUMBER(G45)), B45-G45, "") -> 1.4796 | J45: 94.253 | K45: =F45/F44-1 -> 0.016313146 | L45: 0.381 | M45: 0.029 | N45: 2110.3 | O45: 4443.0498 | P45: 1.5852 | Q45: =IF(AND(ISNUMBER(C45), ISNUMBER(P45)), C45-P45, "") -> 1.129 | R45: =IF(AND(ISNUMBER(B45), ISNUMBER(L45)), B45-L45, "") -> 1.7307
A46: 42057 | E46: =IF(AND(ISNUMBER(B46), ISNUMBER(D46)), B46-D46, "") | F46: 235.59 | I46: =IF(AND(ISNUMBER(B46), ISNUMBER(G46)), B46-G46, "") | K46: =F46/F45-1 -> -0.037779775 | Q46: =IF(AND(ISNUMBER(C46), ISNUMBER(P46)), C46-P46, "") | R46: =IF(AND(ISNUMBER(B46), ISNUMBER(L46)), B46-L46, "")
A47: 42058 | B47: 2.0574 | C47: 2.6572 | E47: =IF(AND(ISNUMBER(B47), ISNUMBER(D47)), B47-D47, "") | F47: 240.42 | G47: 0.6017 | I47: =IF(AND(ISNUMBER(B47), ISNUMBER(G47)), B47-G47, "") -> 1.4557 | J47: 94.569 | K47: =F47/F46-1 -> 0.020501719 | L47: 0.378 | M47: 0.029 | N47: 2109.66 | O47: 4449.4902 | P47: 1.5404 | Q47: =IF(AND(ISNUMBER(C47), ISNUMBER(P47)), C47-P47, "") -> 1.1168 | R47: =IF(AND(ISNUMBER(B47), ISNUMBER(L47)), B47-L47, "") -> 1.6794
A48: 42059 | B48: 1.98 | C48: 2.5918 | E48: =IF(AND(ISNUMBER(B48), ISNUMBER(D48)), B48-D48, "") | F48: 239.34 | G48: 0.5529 | I48: =IF(AND(ISNUMBER(B48), ISNUMBER(G48)), B48-G48, "") -> 1.4271 | J48: 94.493 | K48: =F48/F47-1 -> -0.0044921388 | L48: 0.372 | M48: 0.03 | N48: 2115.48 | O48: 4451.0298 | P48: 1.4559 | Q48: =IF(AND(ISNUMBER(C48), ISNUMBER(P48)), C48-P48, "") -> 1.1359 | R48: =IF(AND(ISNUMBER(B48), ISNUMBER(L48)), B48-L48, "") -> 1.608
A49: 42060 | B49: 1.9688 | C49: 2.5698 | D49: 3.36 | E49: =IF(AND(ISNUMBER(B49), ISNUMBER(D49)), B49-D49, "") -> -1.3912 | F49: 237.97 | G49: 0.6026 | I49: =IF(AND(ISNUMBER(B49), ISNUMBER(G49)), B49-G49, "") -> 1.3662 | J49: 94.213 | K49: =F49/F48-1 -> -0.0057240745 | L49: 0.335 | M49: 0.02 | N49: 2113.86 | O49: 4440.5898 | P49: 1.4527 | Q49: =IF(AND(ISNUMBER(C49), ISNUMBER(P49)), C49-P49, "") -> 1.1171 | R49: =IF(AND(ISNUMBER(B49), ISNUMBER(L49)), B49-L49, "") -> 1.6338
A50: 42061 | B50: 2.0295 | C50: 2.6294 | D50: 3.37 | E50: =IF(AND(ISNUMBER(B50), ISNUMBER(D50)), B50-D50, "") -> -1.3405 | F50: 236.5 | G50: 0.6461 | H50: 3.14 | I50: =IF(AND(ISNUMBER(B50), ISNUMBER(G50)), B50-G50, "") -> 1.3834 | J50: 95.292 | K50: =F50/F49-1 -> -0.0061772492 | L50: 0.338 | M50: 0.021 | N50: 2110.74 | O50: 4462.27 | P50: 1.5365 | Q50: =IF(AND(ISNUMBER(C50), ISNUMBER(P50)), C50-P50, "") -> 1.0929 | R50: =IF(AND(ISNUMBER(B50), ISNUMBER(L50)), B50-L50, "") -> 1.6915
A51: 42062 | B51: 1.993 | C51: 2.5903 | D51: 3.37 | E51: =IF(AND(ISNUMBER(B51), ISNUMBER(D51)), B51-D51, "") -> -1.377 | F51: 254.87 | G51: 0.6184 | H51: 3.14 | I51: =IF(AND(ISNUMBER(B51), ISNUMBER(G51)), B51-G51, "") -> 1.3746 | J51: 95.293 | K51: =F51/F50-1 -> 0.077674419 | L51: 0.329 | M51: 0.009 | N51: 2104.5 | O51: 4440.6699 | P51: 1.4988 | Q51: =IF(AND(ISNUMBER(C51), ISNUMBER(P51)), C51-P51, "") -> 1.0915 | R51: =IF(AND(ISNUMBER(B51), ISNUMBER(L51)), B51-L51, "") -> 1.664
A52: 42064 | E52: =IF(AND(ISNUMBER(B52), ISNUMBER(D52)), B52-D52, "") | F52: 258.18 | I52: =IF(AND(ISNUMBER(B52), ISNUMBER(G52)), B52-G52, "") | K52: =F52/F51-1 -> 0.012987013 | Q52: =IF(AND(ISNUMBER(C52), ISNUMBER(P52)), C52-P52, "") | R52: =IF(AND(ISNUMBER(B52), ISNUMBER(L52)), B52-L52, "")
A53: 42065 | B53: 2.082 | C53: 2.6814 | D53: 3.4 | E53: =IF(AND(ISNUMBER(B53), ISNUMBER(D53)), B53-D53, "") -> -1.318 | F53: 272.88 | G53: 0.6621 | H53: 3.15 | I53: =IF(AND(ISNUMBER(B53), ISNUMBER(G53)), B53-G53, "") -> 1.4199 | J53: 95.462 | K53: =F53/F52-1 -> 0.056937021 | L53: 0.34 | M53: 0.015 | N53: 2117.39 | O53: 4483.0498 | P53: 1.5743 | Q53: =IF(AND(ISNUMBER(C53), ISNUMBER(P53)), C53-P53, "") -> 1.1071 | R53: =IF(AND(ISNUMBER(B53), ISNUMBER(L53)), B53-L53, "") -> 1.742
A54: 42066 | B54: 2.1189 | C54: 2.7143 | D54: 3.41 | E54: =IF(AND(ISNUMBER(B54), ISNUMBER(D54)), B54-D54, "") -> -1.2911 | F54: 283.36 | G54: 0.6782 | H54: 3.18 | I54: =IF(AND(ISNUMBER(B54), ISNUMBER(G54)), B54-G54, "") -> 1.4407 | J54: 95.383 | K54: =F54/F53-1 -> 0.03840516 | L54: 0.37 | M54: 0.021 | N54: 2107.78 | O54: 4458.7798 | P54: 1.6056 | Q54: =IF(AND(ISNUMBER(C54), ISNUMBER(P54)), C54-P54, "") -> 1.1087 | R54: =IF(AND(ISNUMBER(B54), ISNUMBER(L54)), B54-L54, "") -> 1.7489
A55: 42067 | B55: 2.1172 | C55: 2.7198 | D55: 3.44 | E55: =IF(AND(ISNUMBER(B55), ISNUMBER(D55)), B55-D55, "") -> -1.3228 | F55: 273.1 | G55: 0.6546 | H55: 3.18 | I55: =IF(AND(ISNUMBER(B55), ISNUMBER(G55)), B55-G55, "") -> 1.4626 | J55: 95.965 | K55: =F55/F54-1 -> -0.036208357 | L55: 0.403 | M55: 0.018 | N55: 2098.53 | O55: 4445.3599 | P55: 1.5876 | Q55: =IF(AND(ISNUMBER(C55), ISNUMBER(P55)), C55-P55, "") -> 1.1322 | R55: =IF(AND(ISNUMBER(B55), ISNUMBER(L55)), B55-L55, "") -> 1.7142
A56: 42068 | B56: 2.1154 | C56: 2.7285 | E56: =IF(AND(ISNUMBER(B56), ISNUMBER(D56)), B56-D56, "") | F56: 279.93 | G56: 0.6389 | I56: =IF(AND(ISNUMBER(B56), ISNUMBER(G56)), B56-G56, "") -> 1.4765 | J56: 96.378 | K56: =F56/F55-1 -> 0.025009154 | L56: 0.399 | M56: 0.002 | N56: 2101.04 | O56: 4452.0601 | P56: 1.5729 | Q56: =IF(AND(ISNUMBER(C56), ISNUMBER(P56)), C56-P56, "") -> 1.1556 | R56: =IF(AND(ISNUMBER(B56), ISNUMBER(L56)), B56-L56, "") -> 1.7164
A57: 42069 | B57: 2.2414 | C57: 2.8409 | E57: =IF(AND(ISNUMBER(B57), ISNUMBER(D57)), B57-D57, "") | F57: 273.25 | G57: 0.7234 | I57: =IF(AND(ISNUMBER(B57), ISNUMBER(G57)), B57-G57, "") -> 1.518 | J57: 97.615 | K57: =F57/F56-1 -> -0.023863109 | L57: 0.391 | M57: 0.006 | N57: 2071.26 | O57: 4399.23 | P57: 1.6939 | Q57: =IF(AND(ISNUMBER(C57), ISNUMBER(P57)), C57-P57, "") -> 1.147 | R57: =IF(AND(ISNUMBER(B57), ISNUMBER(L57)), B57-L57, "") -> 1.8504
A58: 42071 | E58: =IF(AND(ISNUMBER(B58), ISNUMBER(D58)), B58-D58, "") | F58: 274.29 | I58: =IF(AND(ISNUMBER(B58), ISNUMBER(G58)), B58-G58, "") | K58: =F58/F57-1 -> 0.0038060384 | Q58: =IF(AND(ISNUMBER(C58), ISNUMBER(P58)), C58-P58, "") | R58: =IF(AND(ISNUMBER(B58), ISNUMBER(L58)), B58-L58, "")
A59: 42072 | B59: 2.1907 | C59: 2.798 | D59: 3.51 | E59: =IF(AND(ISNUMBER(B59), ISNUMBER(D59)), B59-D59, "") -> -1.3193 | F59: 289.07 | G59: 0.6917 | H59: 3.23 | I59: =IF(AND(ISNUMBER(B59), ISNUMBER(G59)), B59-G59, "") -> 1.499 | J59: 97.588 | K59: =F59/F58-1 -> 0.053884575 | L59: 0.426 | M59: 0.018 | N59: 2079.43 | O59: 4412.9902 | P59: 1.6493 | Q59: =IF(AND(ISNUMBER(C59), ISNUMBER(P59)), C59-P59, "") -> 1.1487 | R59: =IF(AND(ISNUMBER(B59), ISNUMBER(L59)), B59-L59, "") -> 1.7647
A60: 42073 | B60: 2.1297 | C60: 2.7231 | D60: 3.52 | E60: =IF(AND(ISNUMBER(B60), ISNUMBER(D60)), B60-D60, "") -> -1.3903 | F60: 293.19 | G60: 0.6799 | I60: =IF(AND(ISNUMBER(B60), ISNUMBER(G60)), B60-G60, "") -> 1.4498 | J60: 98.618 | K60: =F60/F59-1 -> 0.014252603 | L60: 0.463 | M60: 0.024 | N60: 2044.16 | O60: 4329.0801 | P60: 1.6081 | Q60: =IF(AND(ISNUMBER(C60), ISNUMBER(P60)), C60-P60, "") -> 1.115 | R60: =IF(AND(ISNUMBER(B60), ISNUMBER(L60)), B60-L60, "") -> 1.6667
A61: 42074 | B61: 2.1086 | C61: 2.6853 | E61: =IF(AND(ISNUMBER(B61), ISNUMBER(D61)), B61-D61, "") | F61: 294.55 | G61: 0.6802 | I61: =IF(AND(ISNUMBER(B61), ISNUMBER(G61)), B61-G61, "") -> 1.4284 | J61: 99.795 | K61: =F61/F60-1 -> 0.0046386302 | L61: 0.414 | M61: 0.023 | N61: 2040.24 | O61: 4305.3799 | P61: 1.6049 | Q61: =IF(AND(ISNUMBER(C61), ISNUMBER(P61)), C61-P61, "") -> 1.0804 | R61: =IF(AND(ISNUMBER(B61), ISNUMBER(L61)), B61-L61, "") -> 1.6946
A62: 42075 | B62: 2.1156 | C62: 2.6995 | E62: =IF(AND(ISNUMBER(B62), ISNUMBER(D62)), B62-D62, "") | F62: 296.15 | G62: 0.6644 | I62: =IF(AND(ISNUMBER(B62), ISNUMBER(G62)), B62-G62, "") -> 1.4512 | J62: 99.435 | K62: =F62/F61-1 -> 0.0054320149 | L62: 0.383 | M62: 0.018 | N62: 2065.95 | O62: 4336.23 | P62: 1.5968 | Q62: =IF(AND(ISNUMBER(C62), ISNUMBER(P62)), C62-P62, "") -> 1.1027 | R62: =IF(AND(ISNUMBER(B62), ISNUMBER(L62)), B62-L62, "") -> 1.7326
A63: 42076 | B63: 2.114 | C63: 2.6987 | D63: 3.45 | E63: =IF(AND(ISNUMBER(B63), ISNUMBER(D63)), B63-D63, "") -> -1.336 | F63: 288.4 | G63: 0.657 | H63: 3.24 | I63: =IF(AND(ISNUMBER(B63), ISNUMBER(G63)), B63-G63, "") -> 1.457 | J63: 100.33 | K63: =F63/F62-1 -> -0.026169171 | L63: 0.401 | M63: 0.014 | N63: 2053.4 | O63: 4314.8999 | P63: 1.5839 | Q63: =IF(AND(ISNUMBER(C63), ISNUMBER(P63)), C63-P63, "") -> 1.1148 | R63: =IF(AND(ISNUMBER(B63), ISNUMBER(L63)), B63-L63, "") -> 1.713
A64: 42078 | E64: =IF(AND(ISNUMBER(B64), ISNUMBER(D64)), B64-D64, "") | F64: 285.65 | I64: =IF(AND(ISNUMBER(B64), ISNUMBER(G64)), B64-G64, "") | K64: =F64/F63-1 -> -0.0095353675 | Q64: =IF(AND(ISNUMBER(C64), ISNUMBER(P64)), C64-P64, "") | R64: =IF(AND(ISNUMBER(B64), ISNUMBER(L64)), B64-L64, "")
A65: 42079 | B65: 2.0717 | C65: 2.6449 | D65: 3.51 | E65: =IF(AND(ISNUMBER(B65), ISNUMBER(D65)), B65-D65, "") -> -1.4383 | F65: 290.13 | G65: 0.6491 | H65: 3.26 | I65: =IF(AND(ISNUMBER(B65), ISNUMBER(G65)), B65-G65, "") -> 1.4226 | J65: 99.604 | K65: =F65/F64-1 -> 0.015683529 | L65: 0.41 | M65: 0.007 | N65: 2081.19 | O65: 4370.4702 | P65: 1.5526 | Q65: =IF(AND(ISNUMBER(C65), ISNUMBER(P65)), C65-P65, "") -> 1.0923 | R65: =IF(AND(ISNUMBER(B65), ISNUMBER(L65)), B65-L65, "") -> 1.6617
A66: 42080 | B66: 2.0507 | C66: 2.6026 | D66: 3.55 | E66: =IF(AND(ISNUMBER(B66), ISNUMBER(D66)), B66-D66, "") -> -1.4993 | F66: 287.46 | G66: 0.6716 | H66: 3.28 | I66: =IF(AND(ISNUMBER(B66), ISNUMBER(G66)), B66-G66, "") -> 1.3791 | J66: 99.585 | K66: =F66/F65-1 -> -0.0092027712 | L66: 0.417 | M66: 0.009 | N66: 2074.28 | O66: 4375.6299 | P66: 1.5527 | Q66: =IF(AND(ISNUMBER(C66), ISNUMBER(P66)), C66-P66, "") -> 1.0499 | R66: =IF(AND(ISNUMBER(B66), ISNUMBER(L66)), B66-L66, "") -> 1.6337
A67: 42081 | B67: 1.9199 | C67: 2.5104 | D67: 3.54 | E67: =IF(AND(ISNUMBER(B67), ISNUMBER(D67)), B67-D67, "") -> -1.6201 | F67: 263.42 | G67: 0.5525 | H67: 3.28 | I67: =IF(AND(ISNUMBER(B67), ISNUMBER(G67)), B67-G67, "") -> 1.3674 | J67: 98.55 | K67: =F67/F66-1 -> -0.083629027 | L67: 0.361 | M67: 0.002 | N67: 2099.5 | O67: 4422.5 | P67: 1.3881 | Q67: =IF(AND(ISNUMBER(C67), ISNUMBER(P67)), C67-P67, "") -> 1.1223 | R67: =IF(AND(ISNUMBER(B67), ISNUMBER(L67)), B67-L67, "") -> 1.5589
A68: 42082 | B68: 1.9685 | C68: 2.5291 | E68: =IF(AND(ISNUMBER(B68), ISNUMBER(D68)), B68-D68, "") | F68: 256.95 | G68: 0.6092 | I68: =IF(AND(ISNUMBER(B68), ISNUMBER(G68)), B68-G68, "") -> 1.3593 | J68: 99.26 | K68: =F68/F67-1 -> -0.024561537 | L68: 0.331 | M68: 0.001 | N68: 2089.27 | O68: 4426.8301 | P68: 1.467 | Q68: =IF(AND(ISNUMBER(C68), ISNUMBER(P68)), C68-P68, "") -> 1.0621 | R68: =IF(AND(ISNUMBER(B68), ISNUMBER(L68)), B68-L68, "") -> 1.6375
A69: 42083 | B69: 1.9303 | C69: 2.5059 | D69: 3.55 | E69: =IF(AND(ISNUMBER(B69), ISNUMBER(D69)), B69-D69, "") -> -1.6197 | F69: 263.17 | G69: 0.5812 | H69: 3.26 | I69: =IF(AND(ISNUMBER(B69), ISNUMBER(G69)), B69-G69, "") -> 1.3491 | J69: 97.909 | K69: =F69/F68-1 -> 0.024207044 | L69: 0.323 | M69: 0.003 | N69: 2108.1 | O69: 4458.54 | P69: 1.4144 | Q69: =IF(AND(ISNUMBER(C69), ISNUMBER(P69)), C69-P69, "") -> 1.0915 | R69: =IF(AND(ISNUMBER(B69), ISNUMBER(L69)), B69-L69, "") -> 1.6073
A70: 42085 | E70: =IF(AND(ISNUMBER(B70), ISNUMBER(D70)), B70-D70, "") | F70: 266.74 | I70: =IF(AND(ISNUMBER(B70), ISNUMBER(G70)), B70-G70, "") | K70: =F70/F69-1 -> 0.013565376 | Q70: =IF(AND(ISNUMBER(C70), ISNUMBER(P70)), C70-P70, "") | R70: =IF(AND(ISNUMBER(B70), ISNUMBER(L70)), B70-L70, "")
A71: 42086 | B71: 1.912 | C71: 2.5141 | D71: 3.53 | E71: =IF(AND(ISNUMBER(B71), ISNUMBER(D71)), B71-D71, "") -> -1.618 | F71: 266.4 | G71: 0.5691 | H71: 3.29 | I71: =IF(AND(ISNUMBER(B71), ISNUMBER(G71)), B71-G71, "") -> 1.3429 | J71: 97.033 | K71: =F71/F70-1 -> -0.0012746495 | L71: 0.303 | M71: 0.014 | N71: 2104.42 | O71: 4445.5498 | P71: 1.3897 | Q71: =IF(AND(ISNUMBER(C71), ISNUMBER(P71)), C71-P71, "") -> 1.1244 | R71: =IF(AND(ISNUMBER(B71), ISNUMBER(L71)), B71-L71, "") -> 1.609
A72: 42087 | B72: 1.8731 | C72: 2.4643 | E72: =IF(AND(ISNUMBER(B72), ISNUMBER(D72)), B72-D72, "") | F72: 247.76 | G72: 0.557 | I72: =IF(AND(ISNUMBER(B72), ISNUMBER(G72)), B72-G72, "") -> 1.3161 | J72: 97.193 | K72: =F72/F71-1 -> -0.06996997 | L72: 0.305 | M72: 0.018 | N72: 2091.5 | O72: 4430.98 | P72: 1.3602 | Q72: =IF(AND(ISNUMBER(C72), ISNUMBER(P72)), C72-P72, "") -> 1.1041 | R72: =IF(AND(ISNUMBER(B72), ISNUMBER(L72)), B72-L72, "") -> 1.5681
A73: 42088 | B73: 1.925 | C73: 2.5074 | D73: 3.53 | E73: =IF(AND(ISNUMBER(B73), ISNUMBER(D73)), B73-D73, "") -> -1.605 | F73: 244.13 | G73: 0.6023 | H73: 3.29 | I73: =IF(AND(ISNUMBER(B73), ISNUMBER(G73)), B73-G73, "") -> 1.3227 | J73: 96.979 | K73: =F73/F72-1 -> -0.014651275 | L73: 0.325 | M73: 0.022 | N73: 2061.05 | O73: 4329.29 | P73: 1.4145 | Q73: =IF(AND(ISNUMBER(C73), ISNUMBER(P73)), C73-P73, "") -> 1.0929 | R73: =IF(AND(ISNUMBER(B73), ISNUMBER(L73)), B73-L73, "") -> 1.6
A74: 42089 | B74: 1.9894 | C74: 2.5798 | E74: =IF(AND(ISNUMBER(B74), ISNUMBER(D74)), B74-D74, "") | F74: 248.76 | G74: 0.6102 | I74: =IF(AND(ISNUMBER(B74), ISNUMBER(G74)), B74-G74, "") -> 1.3792 | J74: 97.436 | K74: =F74/F73-1 -> 0.018965305 | L74: 0.324 | M74: 0.024 | N74: 2056.15 | O74: 4315.2598 | P74: 1.4579 | Q74: =IF(AND(ISNUMBER(C74), ISNUMBER(P74)), C74-P74, "") -> 1.1219 | R74: =IF(AND(ISNUMBER(B74), ISNUMBER(L74)), B74-L74, "") -> 1.6654
A75: 42090 | B75: 1.9615 | C75: 2.5404 | E75: =IF(AND(ISNUMBER(B75), ISNUMBER(D75)), B75-D75, "") | F75: 248.55 | G75: 0.5944 | I75: =IF(AND(ISNUMBER(B75), ISNUMBER(G75)), B75-G75, "") -> 1.3671 | J75: 97.291 | K75: =F75/F74-1 -> -0.00084418717 | L75: 0.37 | M75: 0.036 | N75: 2061.02 | O75: 4332.8599 | P75: 1.4351 | Q75: =IF(AND(ISNUMBER(C75), ISNUMBER(P75)), C75-P75, "") -> 1.1053 | R75: =IF(AND(ISNUMBER(B75), ISNUMBER(L75)), B75-L75, "") -> 1.5915
A76: 42092 | E76: =IF(AND(ISNUMBER(B76), ISNUMBER(D76)), B76-D76, "") | F76: 242.67 | I76: =IF(AND(ISNUMBER(B76), ISNUMBER(G76)), B76-G76, "") | K76: =F76/F75-1 -> -0.023657212 | Q76: =IF(AND(ISNUMBER(C76), ISNUMBER(P76)), C76-P76, "") | R76: =IF(AND(ISNUMBER(B76), ISNUMBER(L76)), B76-L76, "")
A77: 42093 | B77: 1.9475 | C77: 2.5479 | D77: 3.6 | E77: =IF(AND(ISNUMBER(B77), ISNUMBER(D77)), B77-D77, "") -> -1.6525 | F77: 247.52 | G77: 0.5787 | H77: 3.32 | I77: =IF(AND(ISNUMBER(B77), ISNUMBER(G77)), B77-G77, "") -> 1.3688 | J77: 97.975 | K77: =F77/F76-1 -> 0.019985989 | L77: 0.368 | M77: 0.035 | N77: 2086.24 | O77: 4382.8198 | P77: 1.4026 | Q77: =IF(AND(ISNUMBER(C77), ISNUMBER(P77)), C77-P77, "") -> 1.1453 | R77: =IF(AND(ISNUMBER(B77), ISNUMBER(L77)), B77-L77, "") -> 1.5795
A78: 42094 | B78: 1.9231 | C78: 2.5359 | D78: 3.63 | E78: =IF(AND(ISNUMBER(B78), ISNUMBER(D78)), B78-D78, "") -> -1.7069 | F78: 244.14 | G78: 0.5551 | H78: 3.35 | I78: =IF(AND(ISNUMBER(B78), ISNUMBER(G78)), B78-G78, "") -> 1.368 | J78: 98.357 | K78: =F78/F77-1 -> -0.013655462 | L78: 0.396 | M78: 0.036 | N78: 2067.89 | O78: 4333.6899 | P78: 1.3701 | Q78: =IF(AND(ISNUMBER(C78), ISNUMBER(P78)), C78-P78, "") -> 1.1658 | R78: =IF(AND(ISNUMBER(B78), ISNUMBER(L78)), B78-L78, "") -> 1.5271
A79: 42095 | B79: 1.8573 | C79: 2.4651 | E79: =IF(AND(ISNUMBER(B79), ISNUMBER(D79)), B79-D79, "") | F79: 245.82 | G79: 0.5355 | H79: 3.36 | I79: =IF(AND(ISNUMBER(B79), ISNUMBER(G79)), B79-G79, "") -> 1.3218 | J79: 98.185 | K79: =F79/F78-1 -> 0.0068812976 | L79: 0.378 | M79: 0.028 | N79: 2059.69 | O79: 4311.2598 | P79: 1.3182 | Q79: =IF(AND(ISNUMBER(C79), ISNUMBER(P79)), C79-P79, "") -> 1.1469 | R79: =IF(AND(ISNUMBER(B79), ISNUMBER(L79)), B79-L79, "") -> 1.4793
A80: 42096 | B80: 1.9117 | C80: 2.5321 | E80: =IF(AND(ISNUMBER(B80), ISNUMBER(D80)), B80-D80, "") | F80: 252.07 | G80: 0.5396 | I80: =IF(AND(ISNUMBER(B80), ISNUMBER(G80)), B80-G80, "") -> 1.3721 | J80: 97.436 | K80: =F80/F79-1 -> 0.025425108 | L80: 0.336 | M80: 0.017 | N80: 2066.96 | O80: 4316.0098 | P80: 1.3506 | Q80: =IF(AND(ISNUMBER(C80), ISNUMBER(P80)), C80-P80, "") -> 1.1815 | R80: =IF(AND(ISNUMBER(B80), ISNUMBER(L80)), B80-L80, "") -> 1.5757
A81: 42097 | D81: 3.58 | E81: =IF(AND(ISNUMBER(B81), ISNUMBER(D81)), B81-D81, "") | F81: 254.51 | H81: 3.34 | I81: =IF(AND(ISNUMBER(B81), ISNUMBER(G81)), B81-G81, "") | J81: 96.545 | K81: =F81/F80-1 -> 0.0096798508 | L81: 0.363 | M81: 0.015 | Q81: =IF(AND(ISNUMBER(C81), ISNUMBER(P81)), C81-P81, "") | R81: =IF(AND(ISNUMBER(B81), ISNUMBER(L81)), B81-L81, "")
A82: 42099 | E82: =IF(AND(ISNUMBER(B82), ISNUMBER(D82)), B82-D82, "") | F82: 256.03 | I82: =IF(AND(ISNUMBER(B82), ISNUMBER(G82)), B82-G82, "") | K82: =F82/F81-1 -> 0.0059722604 | Q82: =IF(AND(ISNUMBER(C82), ISNUMBER(P82)), C82-P82, "") | R82: =IF(AND(ISNUMBER(B82), ISNUMBER(L82)), B82-L82, "")
A83: 42100 | B83: 1.8952 | C83: 2.5532 | E83: =IF(AND(ISNUMBER(B83), ISNUMBER(D83)), B83-D83, "") | F83: 254.58 | G83: 0.496 | I83: =IF(AND(ISNUMBER(B83), ISNUMBER(G83)), B83-G83, "") -> 1.3992 | J83: 96.777 | K83: =F83/F82-1 -> -0.0056633988 | L83: 0.335 | M83: 0.01 | N83: 2080.62 | O83: 4350.98 | P83: 1.3035 | Q83: =IF(AND(ISNUMBER(C83), ISNUMBER(P83)), C83-P83, "") -> 1.2497 | R83: =IF(AND(ISNUMBER(B83), ISNUMBER(L83)), B83-L83, "") -> 1.5602
A84: 42101 | B84: 1.8848 | C84: 2.5179 | D84: 3.61 | E84: =IF(AND(ISNUMBER(B84), ISNUMBER(D84)), B84-D84, "") -> -1.7252 | F84: 254.94 | G84: 0.5159 | H84: 3.33 | I84: =IF(AND(ISNUMBER(B84), ISNUMBER(G84)), B84-G84, "") -> 1.3689 | J84: 97.83 | K84: =F84/F83-1 -> 0.0014140938 | L84: 0.354 | M84: 0.014 | N84: 2076.33 | O84: 4344.0801 | P84: 1.3213 | Q84: =IF(AND(ISNUMBER(C84), ISNUMBER(P84)), C84-P84, "") -> 1.1966 | R84: =IF(AND(ISNUMBER(B84), ISNUMBER(L84)), B84-L84, "") -> 1.5308
A85: 42102 | B85: 1.9047 | C85: 2.5291 | E85: =IF(AND(ISNUMBER(B85), ISNUMBER(D85)), B85-D85, "") | F85: 246.11 | G85: 0.5318 | I85: =IF(AND(ISNUMBER(B85), ISNUMBER(G85)), B85-G85, "") -> 1.3729 | J85: 97.94 | K85: =F85/F84-1 -> -0.034635601 | L85: 0.354 | M85: 0.014 | N85: 2081.9 | O85: 4375.96 | P85: 1.3473 | Q85: =IF(AND(ISNUMBER(C85), ISNUMBER(P85)), C85-P85, "") -> 1.1818 | R85: =IF(AND(ISNUMBER(B85), ISNUMBER(L85)), B85-L85, "") -> 1.5507
A86: 42103 | B86: 1.9596 | C86: 2.5981 | D86: 3.7 | E86: =IF(AND(ISNUMBER(B86), ISNUMBER(D86)), B86-D86, "") -> -1.7404 | F86: 242.91 | G86: 0.5478 | H86: 3.32 | I86: =IF(AND(ISNUMBER(B86), ISNUMBER(G86)), B86-G86, "") -> 1.4118 | J86: 99.155 | K86: =F86/F85-1 -> -0.013002316 | L86: 0.357 | M86: 0.008 | N86: 2091.18 | O86: 4403.9502 | P86: 1.3978 | Q86: =IF(AND(ISNUMBER(C86), ISNUMBER(P86)), C86-P86, "") -> 1.2003 | R86: =IF(AND(ISNUMBER(B86), ISNUMBER(L86)), B86-L86, "") -> 1.6026
A87: 42104 | B87: 1.9473 | C87: 2.5791 | E87: =IF(AND(ISNUMBER(B87), ISNUMBER(D87)), B87-D87, "") | F87: 234.99 | G87: 0.556 | I87: =IF(AND(ISNUMBER(B87), ISNUMBER(G87)), B87-G87, "") -> 1.3913 | J87: 99.338 | K87: =F87/F86-1 -> -0.032604668 | L87: 0.339 | M87: 0.003 | N87: 2102.06 | O87: 4422.02 | P87: 1.3946 | Q87: =IF(AND(ISNUMBER(C87), ISNUMBER(P87)), C87-P87, "") -> 1.1845 | R87: =IF(AND(ISNUMBER(B87), ISNUMBER(L87)), B87-L87, "") -> 1.6083
A88: 42106 | E88: =IF(AND(ISNUMBER(B88), ISNUMBER(D88)), B88-D88, "") | F88: 236.13 | I88: =IF(AND(ISNUMBER(B88), ISNUMBER(G88)), B88-G88, "") | K88: =F88/F87-1 -> 0.0048512703 | Q88: =IF(AND(ISNUMBER(C88), ISNUMBER(P88)), C88-P88, "") | R88: =IF(AND(ISNUMBER(B88), ISNUMBER(L88)), B88-L88, "")
A89: 42107 | B89: 1.9272 | C89: 2.573 | E89: =IF(AND(ISNUMBER(B89), ISNUMBER(D89)), B89-D89, "") | F89: 225.16 | G89: 0.528 | I89: =IF(AND(ISNUMBER(B89), ISNUMBER(G89)), B89-G89, "") -> 1.3992 | J89: 99.49 | K89: =F89/F88-1 -> -0.04645746 | L89: 0.333 | M89: 0.004 | N89: 2092.43 | O89: 4409.21 | P89: 1.3668 | Q89: =IF(AND(ISNUMBER(C89), ISNUMBER(P89)), C89-P89, "") -> 1.2062 | R89: =IF(AND(ISNUMBER(B89), ISNUMBER(L89)), B89-L89, "") -> 1.5942
A90: 42108 | B90: 1.8985 | C90: 2.5427 | E90: =IF(AND(ISNUMBER(B90), ISNUMBER(D90)), B90-D90, "") | F90: 218.31 | G90: 0.512 | I90: =IF(AND(ISNUMBER(B90), ISNUMBER(G90)), B90-G90, "") -> 1.3865 | J90: 98.733 | K90: =F90/F89-1 -> -0.03042281 | L90: 0.324 | M90: 0.002 | N90: 2095.84 | O90: 4397.6499 | P90: 1.3374 | Q90: =IF(AND(ISNUMBER(C90), ISNUMBER(P90)), C90-P90, "") -> 1.2053 | R90: =IF(AND(ISNUMBER(B90), ISNUMBER(L90)), B90-L90, "") -> 1.5745
A91: 42109 | B91: 1.888 | C91: 2.5397 | E91: =IF(AND(ISNUMBER(B91), ISNUMBER(D91)), B91-D91, "") | F91: 220.23 | G91: 0.496 | I91: =IF(AND(ISNUMBER(B91), ISNUMBER(G91)), B91-G91, "") -> 1.392 | J91: 98.319 | K91: =F91/F90-1 -> 0.008794833 | L91: 0.323 | M91: 0.004 | N91: 2106.63 | O91: 4424.5298 | P91: 1.3145 | Q91: =IF(AND(ISNUMBER(C91), ISNUMBER(P91)), C91-P91, "") -> 1.2252 | R91: =IF(AND(ISNUMBER(B91), ISNUMBER(L91)), B91-L91, "") -> 1.565
A92: 42110 | B92: 1.8897 | C92: 2.5753 | E92: =IF(AND(ISNUMBER(B92), ISNUMBER(D92)), B92-D92, "") | F92: 228.99 | G92: 0.4839 | I92: =IF(AND(ISNUMBER(B92), ISNUMBER(G92)), B92-G92, "") -> 1.4058 | J92: 97.415 | K92: =F92/F91-1 -> 0.039776597 | L92: 0.323 | M92: 0.004 | N92: 2104.99 | O92: 4418.8301 | P92: 1.2998 | Q92: =IF(AND(ISNUMBER(C92), ISNUMBER(P92)), C92-P92, "") -> 1.2755 | R92: =IF(AND(ISNUMBER(B92), ISNUMBER(L92)), B92-L92, "") -> 1.5667
A93: 42111 | B93: 1.8653 | C93: 2.5194 | E93: =IF(AND(ISNUMBER(B93), ISNUMBER(D93)), B93-D93, "") | F93: 223.31 | G93: 0.5081 | I93: =IF(AND(ISNUMBER(B93), ISNUMBER(G93)), B93-G93, "") -> 1.3572 | J93: 97.52 | K93: =F93/F92-1 -> -0.024804577 | L93: 0.303 | M93: -0.002 | N93: 2081.18 | O93: 4351.7998 | P93: 1.3062 | Q93: =IF(AND(ISNUMBER(C93), ISNUMBER(P93)), C93-P93, "") -> 1.2132 | R93: =IF(AND(ISNUMBER(B93), ISNUMBER(L93)), B93-L93, "") -> 1.5623
A94: 42113 | E94: =IF(AND(ISNUMBER(B94), ISNUMBER(D94)), B94-D94, "") | F94: 223.21 | I94: =IF(AND(ISNUMBER(B94), ISNUMBER(G94)), B94-G94, "") | K94: =F94/F93-1 -> -0.00044780798 | Q94: =IF(AND(ISNUMBER(C94), ISNUMBER(P94)), C94-P94, "") | R94: =IF(AND(ISNUMBER(B94), ISNUMBER(L94)), B94-L94, "")
A95: 42114 | B95: 1.8896 | C95: 2.5624 | E95: =IF(AND(ISNUMBER(B95), ISNUMBER(D95)), B95-D95, "") | F95: 224.35 | G95: 0.5202 | I95: =IF(AND(ISNUMBER(B95), ISNUMBER(G95)), B95-G95, "") -> 1.3694 | J95: 97.941 | K95: =F95/F94-1 -> 0.0051072981 | L95: 0.305 | M95: 0 | N95: 2100.4 | O95: 4417.3999 | P95: 1.3176 | Q95: =IF(AND(ISNUMBER(C95), ISNUMBER(P95)), C95-P95, "") -> 1.2448 | R95: =IF(AND(ISNUMBER(B95), ISNUMBER(L95)), B95-L95, "") -> 1.5846
A96: 42115 | B96: 1.9087 | C96: 2.5806 | D96: 3.47 | E96: =IF(AND(ISNUMBER(B96), ISNUMBER(D96)), B96-D96, "") -> -1.5613 | F96: 233.03 | G96: 0.5162 | H96: 3.21 | I96: =IF(AND(ISNUMBER(B96), ISNUMBER(G96)), B96-G96, "") -> 1.3925 | J96: 98.004 | K96: =F96/F95-1 -> 0.038689548 | L96: 0.305 | M96: 0 | N96: 2097.29 | O96: 4435.98 | P96: 1.3307 | Q96: =IF(AND(ISNUMBER(C96), ISNUMBER(P96)), C96-P96, "") -> 1.2499 | R96: =IF(AND(ISNUMBER(B96), ISNUMBER(L96)), B96-L96, "") -> 1.6037
A97: 42116 | B97: 1.9788 | C97: 2.6616 | D97: 3.45 | E97: =IF(AND(ISNUMBER(B97), ISNUMBER(D97)), B97-D97, "") -> -1.4712 | F97: 233.67 | G97: 0.5446 | H97: 3.15 | I97: =IF(AND(ISNUMBER(B97), ISNUMBER(G97)), B97-G97, "") -> 1.4342 | J97: 97.932 | K97: =F97/F96-1 -> 0.0027464275 | L97: 0.301 | M97: -0.004 | N97: 2107.96 | O97: 4460.8101 | P97: 1.393 | Q97: =IF(AND(ISNUMBER(C97), ISNUMBER(P97)), C97-P97, "") -> 1.2686 | R97: =IF(AND(ISNUMBER(B97), ISNUMBER(L97)), B97-L97, "") -> 1.6778
A98: 42117 | B98: 1.9577 | C98: 2.653 | D98: 3.44 | E98: =IF(AND(ISNUMBER(B98), ISNUMBER(D98)), B98-D98, "") -> -1.4823 | F98: 234.7 | G98: 0.5284 | H98: 3.14 | I98: =IF(AND(ISNUMBER(B98), ISNUMBER(G98)), B98-G98, "") -> 1.4293 | J98: 97.278 | K98: =F98/F97-1 -> 0.0044079257 | L98: 0.309 | M98: -0.006 | N98: 2112.93 | O98: 4477.0698 | P98: 1.3651 | Q98: =IF(AND(ISNUMBER(C98), ISNUMBER(P98)), C98-P98, "") -> 1.2879 | R98: =IF(AND(ISNUMBER(B98), ISNUMBER(L98)), B98-L98, "") -> 1.6487
A99: 42118 | B99: 1.9086 | C99: 2.6098 | D99: 3.47 | E99: =IF(AND(ISNUMBER(B99), ISNUMBER(D99)), B99-D99, "") -> -1.5614 | F99: 231.41 | G99: 0.5041 | H99: 3.15 | I99: =IF(AND(ISNUMBER(B99), ISNUMBER(G99)), B99-G99, "") -> 1.4045 | J99: 96.922 | K99: =F99/F98-1 -> -0.014017895 | L99: 0.285 | M99: -0.021 | N99: 2117.69 | O99: 4536.7798 | P99: 1.3141 | Q99: =IF(AND(ISNUMBER(C99), ISNUMBER(P99)), C99-P99, "") -> 1.2957 | R99: =IF(AND(ISNUMBER(B99), ISNUMBER(L99)), B99-L99, "") -> 1.6236
A100: 42120 | E100: =IF(AND(ISNUMBER(B100), ISNUMBER(D100)), B100-D100, "") | F100: 222.07 | I100: =IF(AND(ISNUMBER(B100), ISNUMBER(G100)), B100-G100, "") | K100: =F100/F99-1 -> -0.040361264 | Q100: =IF(AND(ISNUMBER(C100), ISNUMBER(P100)), C100-P100, "") | R100: =IF(AND(ISNUMBER(B100), ISNUMBER(L100)), B100-L100, "")
...

Sheet corr
A1: Date | B1: SPX | C1: NDX | D1: BTC Spot | E1: XAU | F1: MXWO | G1: DXY | H1: RTY | I1: ETH Spot
A2: 42005 | D2: 314.49 | E2: 1181.98 | F2: 1709.68 | G2: 90.276
A3: 42006 | B3: 2058.2 | C3: 4230.24 | D3: 314.73 | E3: 1188.39 | F3: 1704.71 | G3: 91.08 | H3: 1198.8
A4: 42008 | D4: 266.26
A5: 42009 | B5: 2020.58 | C5: 4160.96 | D5: 270.93 | E5: 1204.86 | F5: 1671.25 | G5: 91.378 | H5: 1181.346
A6: 42010 | B6: 2002.61 | C6: 4110.83 | D6: 286.41 | E6: 1218.58 | F6: 1654.38 | G6: 91.499 | H6: 1161.311
A7: 42011 | B7: 2025.9 | C7: 4160 | D7: 296.13 | E7: 1211.41 | F7: 1662.22 | G7: 91.89 | H7: 1175.968
A8: 42012 | B8: 2062.14 | C8: 4240.55 | D8: 293.83 | E8: 1208.79 | F8: 1694.17 | G8: 92.368 | H8: 1196.121
A9: 42013 | B9: 2044.81 | C9: 4213.28 | D9: 289.81 | E9: 1223.25 | F9: 1683.8 | G9: 91.935 | H9: 1185.676
A10: 42015 | D10: 268.12
A11: 42016 | B11: 2028.26 | C11: 4169.97 | D11: 270.65 | E11: 1233.31 | F11: 1676.71 | G11: 91.983 | H11: 1180.093
A12: 42017 | B12: 2023.03 | C12: 4166.2 | D12: 236.05 | E12: 1230.64 | F12: 1678.19 | G12: 92.31 | H12: 1180.636
A13: 42018 | B13: 2011.27 | C13: 4145.84 | D13: 183.07 | E13: 1228.72 | F13: 1665.38 | G13: 92.161 | H13: 1177.06
A14: 42019 | B14: 1992.67 | C14: 4089.65 | D14: 206.68 | E14: 1262.75 | F14: 1662.44 | G14: 92.352 | H14: 1154.709
A15: 42020 | B15: 2019.42 | C15: 4142.14 | D15: 208.34 | E15: 1280.45 | F15: 1675.15 | G15: 92.52 | H15: 1176.655
A16: 42022 | D16: 207.87
A17: 42023 | D17: 216.21 | E17: 1275.65 | F17: 1681.9 | G17: 92.52
A18: 42024 | B18: 2022.55 | C18: 4171.21 | D18: 211.18 | E18: 1295.32 | F18: 1685.27 | G18: 93.046 | H18: 1170.254
A19: 42025 | B19: 2032.12 | C19: 4192.09 | D19: 225.1 | E19: 1293.09 | F19: 1694.34 | G19: 92.904 | H19: 1166.251
A20: 42026 | B20: 2063.15 | C20: 4270.36 | D20: 231.92 | E20: 1302.25 | F20: 1710.47 | G20: 94.077 | H20: 1190.371
A21: 42027 | B21: 2051.82 | C21: 4278.14 | D21: 237.01 | E21: 1294.08 | F21: 1707.74 | G21: 94.762 | H21: 1188.928
A22: 42029 | D22: 251.78
A23: 42030 | B23: 2057.09 | C23: 4275.72 | D23: 271.61 | E23: 1281.4 | F23: 1712.55 | G23: 94.802 | H23: 1200.74
A24: 42031 | B24: 2029.55 | C24: 4165.5 | D24: 261.76 | E24: 1292.34 | F24: 1705.6 | G24: 94.022 | H24: 1194.658
A25: 42032 | B25: 2002.16 | C25: 4140.38 | D25: 235.94 | E25: 1284.49 | F25: 1689.2 | G25: 94.467 | H25: 1175.115
A26: 42033 | B26: 2021.25 | C26: 4181.35 | D26: 234.12 | E26: 1257.27 | F26: 1693.81 | G26: 94.782 | H26: 1190.182
A27: 42034 | B27: 1994.99 | C27: 4148.43 | D27: 229.67 | E27: 1283.79 | F27: 1677.54 | G27: 94.804 | H27: 1165.392
A28: 42036 | D28: 231.1
A29: 42037 | B29: 2020.85 | C29: 4188.59 | D29: 227.3 | E29: 1274.41 | F29: 1694.35 | G29: 94.504 | H29: 1175.515
A30: 42038 | B30: 2050.03 | C30: 4229.15 | D30: 227.86 | E30: 1260.52 | F30: 1715.22 | G30: 93.6 | H30: 1196.988
A31: 42039 | B31: 2041.51 | C31: 4221.2 | D31: 224.98 | E31: 1269.35 | F31: 1715.13 | G31: 93.986 | H31: 1191.442
A32: 42040 | B32: 2062.52 | C32: 4256.18 | D32: 218.76 | E32: 1264.82 | F32: 1727.49 | G32: 93.569 | H32: 1208.707
A33: 42041 | B33: 2055.47 | C33: 4228.68 | D33: 223.37 | E33: 1234.04 | F33: 1720.55 | G33: 94.698 | H33: 1205.464
A34: 42043 | D34: 222.08
A35: 42044 | B35: 2046.74 | C35: 4216.09 | D35: 221 | E35: 1239.03 | F35: 1714.23 | G35: 94.449 | H35: 1195.826
A36: 42045 | B36: 2068.59 | C36: 4281.16 | D36: 219.7 | E36: 1233.55 | F36: 1725.83 | G36: 94.758 | H36: 1203.179
A37: 42046 | B37: 2068.53 | C37: 4297.28 | D37: 219.39 | E37: 1218.83 | F37: 1721.58 | G37: 94.985 | H37: 1201.555
A38: 42047 | B38: 2088.48 | C38: 4347.97 | D38: 222.2 | E38: 1221.98 | F38: 1741.22 | G38: 94.094 | H38: 1216.266
A39: 42048 | B39: 2096.99 | C39: 4384.03 | D39: 234.25 | E39: 1229.76 | F39: 1752.18 | G39: 94.201 | H39: 1223.131
A40: 42050 | D40: 231.03
A41: 42051 | D41: 237.01 | E41: 1232.55 | F41: 1752.91 | G41: 94.201
A42: 42052 | B42: 2100.34 | C42: 4385.34 | D42: 241.53 | E42: 1209.89 | F42: 1754.8 | G42: 94.061 | H42: 1225.014
A43: 42053 | B43: 2099.68 | C43: 4390.91 | D43: 233.48 | E43: 1212.42 | F43: 1759.04 | G43: 94.198 | H43: 1227.955
A44: 42054 | B44: 2097.45 | C44: 4411.86 | D44: 240.91 | E44: 1206.84 | F44: 1760.8 | G44: 94.404 | H44: 1227.911
A45: 42055 | B45: 2110.3 | C45: 4443.05 | D45: 244.84 | E45: 1201.94 | F45: 1768.09 | G45: 94.253 | H45: 1231.789
A46: 42057 | D46: 235.59
A47: 42058 | B47: 2109.66 | C47: 4449.49 | D47: 240.42 | E47: 1201.83 | F47: 1770.35 | G47: 94.569 | H47: 1231.831
A48: 42059 | B48: 2115.48 | C48: 4451.03 | D48: 239.34 | E48: 1200.53 | F48: 1774.92 | G48: 94.493 | H48: 1233.976
A49: 42060 | B49: 2113.86 | C49: 4440.59 | D49: 237.97 | E49: 1205 | F49: 1776.86 | G49: 94.213 | H49: 1235.101
A50: 42061 | B50: 2110.74 | C50: 4462.27 | D50: 236.5 | E50: 1209.49 | F50: 1773.99 | G50: 95.292 | H50: 1239.114
A51: 42062 | B51: 2104.5 | C51: 4440.67 | D51: 254.87 | E51: 1213.18 | F51: 1772.86 | G51: 95.293 | H51: 1233.368
A52: 42064 | D52: 258.18
A53: 42065 | B53: 2117.39 | C53: 4483.05 | D53: 272.88 | E53: 1206.83 | F53: 1776.65 | G53: 95.462 | H53: 1242.619
A54: 42066 | B54: 2107.78 | C54: 4458.78 | D54: 283.36 | E54: 1203.74 | F54: 1768.57 | G54: 95.383 | H54: 1234.763
A55: 42067 | B55: 2098.53 | C55: 4445.36 | D55: 273.1 | E55: 1200.34 | F55: 1760.91 | G55: 95.965 | H55: 1230.73
A56: 42068 | B56: 2101.04 | C56: 4452.06 | D56: 279.93 | E56: 1198.4 | F56: 1763.74 | G56: 96.378 | H56: 1234.313
A57: 42069 | B57: 2071.26 | C57: 4399.23 | D57: 273.25 | E57: 1167.29 | F57: 1741.99 | G57: 97.615 | H57: 1217.515
A58: 42071 | D58: 274.29
A59: 42072 | B59: 2079.43 | C59: 4412.99 | D59: 289.07 | E59: 1167.21 | F59: 1741.84 | G59: 97.588 | H59: 1223.587
A60: 42073 | B60: 2044.16 | C60: 4329.08 | D60: 293.19 | E60: 1161.84 | F60: 1712.55 | G60: 98.618 | H60: 1208.474
A61: 42074 | B61: 2040.24 | C61: 4305.38 | D61: 294.55 | E61: 1155.31 | F61: 1710.79 | G61: 99.795 | H61: 1215.778
A62: 42075 | B62: 2065.95 | C62: 4336.23 | D62: 296.15 | E62: 1153.73 | F62: 1728.62 | G62: 99.435 | H62: 1236.641
A63: 42076 | B63: 2053.4 | C63: 4314.9 | D63: 288.4 | E63: 1158.48 | F63: 1719.82 | G63: 100.33 | H63: 1232.138
A64: 42078 | D64: 285.65
A65: 42079 | B65: 2081.19 | C65: 4370.47 | D65: 290.13 | E65: 1154.81 | F65: 1740.09 | G65: 99.604 | H65: 1239.777
A66: 42080 | B66: 2074.28 | C66: 4375.63 | D66: 287.46 | E66: 1149.57 | F66: 1736.63 | G66: 99.585 | H66: 1242.226
A67: 42081 | B67: 2099.5 | C67: 4422.5 | D67: 263.42 | E67: 1167.61 | F67: 1754.1 | G67: 98.55 | H67: 1252.141
A68: 42082 | B68: 2089.27 | C68: 4426.83 | D68: 256.95 | E68: 1171.18 | F68: 1751.31 | G68: 99.26 | H68: 1254.862
A69: 42083 | B69: 2108.1 | C69: 4458.54 | D69: 263.17 | E69: 1182.54 | F69: 1774.57 | G69: 97.909 | H69: 1266.373
A70: 42085 | D70: 266.74
A71: 42086 | B71: 2104.42 | C71: 4445.55 | D71: 266.4 | E71: 1189.54 | F71: 1778 | G71: 97.033 | H71: 1264.713
A72: 42087 | B72: 2091.5 | C72: 4430.98 | D72: 247.76 | E72: 1193.28 | F72: 1772.41 | G72: 97.193 | H72: 1263.463
A73: 42088 | B73: 2061.05 | C73: 4329.29 | D73: 244.13 | E73: 1195.47 | F73: 1756.48 | G73: 96.979 | H73: 1233.855
A74: 42089 | B74: 2056.15 | C74: 4315.26 | D74: 248.76 | E74: 1204.81 | F74: 1744.9 | G74: 97.436 | H74: 1231.99
A75: 42090 | B75: 2061.02 | C75: 4332.86 | D75: 248.55 | E75: 1198.55 | F75: 1744.82 | G75: 97.291 | H75: 1240.409
A76: 42092 | D76: 242.67
A77: 42093 | B77: 2086.24 | C77: 4382.82 | D77: 247.52 | E77: 1186.07 | F77: 1757.31 | G77: 97.975 | H77: 1257.802
A78: 42094 | B78: 2067.89 | C78: 4333.69 | D78: 244.14 | E78: 1183.57 | F78: 1740.81 | G78: 98.357 | H78: 1252.772
A79: 42095 | B79: 2059.69 | C79: 4311.26 | D79: 245.82 | E79: 1203.98 | F79: 1738.15 | G79: 98.185 | H79: 1251.708
A80: 42096 | B80: 2066.96 | C80: 4316.01 | D80: 252.07 | E80: 1202.61 | F80: 1749.34 | G80: 97.436 | H80: 1255.657
A81: 42097 | D81: 254.51 | E81: 1206.91 | F81: 1750.26 | G81: 96.545
A82: 42099 | D82: 256.03
A83: 42100 | B83: 2080.62 | C83: 4350.98 | D83: 254.58 | E83: 1214.84 | F83: 1764.49 | G83: 96.777 | H83: 1260.542
A84: 42101 | B84: 2076.33 | C84: 4344.08 | D84: 254.94 | E84: 1209.22 | F84: 1764.24 | G84: 97.83 | H84: 1253.358
A85: 42102 | B85: 2081.9 | C85: 4375.96 | D85: 246.11 | E85: 1202.57 | F85: 1766.44 | G85: 97.94 | H85: 1262.708
A86: 42103 | B86: 2091.18 | C86: 4403.95 | D86: 242.91 | E86: 1194.81 | F86: 1771.86 | G86: 99.155 | H86: 1259.108
A87: 42104 | B87: 2102.06 | C87: 4422.02 | D87: 234.99 | E87: 1207.59 | F87: 1779.47 | G87: 99.338 | H87: 1264.775
A88: 42106 | D88: 236.13
A89: 42107 | B89: 2092.43 | C89: 4409.21 | D89: 225.16 | E89: 1198.88 | F89: 1772.08 | G89: 99.49 | H89: 1265.589
A90: 42108 | B90: 2095.84 | C90: 4397.65 | D90: 218.31 | E90: 1192.78 | F90: 1779.85 | G90: 98.733 | H90: 1265.354
A91: 42109 | B91: 2106.63 | C91: 4424.53 | D91: 220.23 | E91: 1202.58 | F91: 1783.79 | G91: 98.319 | H91: 1275.35
A92: 42110 | B92: 2104.99 | C92: 4418.83 | D92: 228.99 | E92: 1198.55 | F92: 1786.58 | G92: 97.415 | H92: 1272.898
A93: 42111 | B93: 2081.18 | C93: 4351.8 | D93: 223.31 | E93: 1204.22 | F93: 1769.01 | G93: 97.52 | H93: 1251.858
A94: 42113 | D94: 223.21
A95: 42114 | B95: 2100.4 | C95: 4417.4 | D95: 224.35 | E95: 1195.89 | F95: 1779.12 | G95: 97.941 | H95: 1264.918
A96: 42115 | B96: 2097.29 | C96: 4435.98 | D96: 233.03 | E96: 1202.41 | F96: 1781.95 | G96: 98.004 | H96: 1264.151
A97: 42116 | B97: 2107.96 | C97: 4460.81 | D97: 233.67 | E97: 1187.13 | F97: 1786.77 | G97: 97.932 | H97: 1265.482
A98: 42117 | B98: 2112.93 | C98: 4477.07 | D98: 234.7 | E98: 1193.97 | F98: 1792.31 | G98: 97.278 | H98: 1271.535
A99: 42118 | B99: 2117.69 | C99: 4536.78 | D99: 231.41 | E99: 1179 | F99: 1799.86 | G99: 96.922 | H99: 1267.535
A100: 42120 | D100: 222.07
...

Sheet move
A1: Date | B1: XBTUSD BGN Curncy (L1) | C1: MOVE Index (R1) | D1: VIX Index (R1)
A2: 42151 | B2: 235.57 | C2: 83.9933 | D2: 13.27
A3: 42152 | B3: 236.08 | C3: 82.7222 | D3: 13.31
A4: 42153 | B4: 235.95 | C4: 82.6996 | D4: 13.84
A5: 42155 | B5: 231.78
A6: 42156 | B6: 221.98 | C6: 83.5495 | D6: 13.97
A7: 42157 | B7: 225.09 | C7: 87.4796 | D7: 14.24
A8: 42158 | B8: 226.96 | C8: 91.8063 | D8: 13.66
A9: 42159 | B9: 223.68 | C9: 92.2056 | D9: 14.71
A10: 42160 | B10: 224.88 | C10: 88.9414 | D10: 14.21
A11: 42162 | B11: 222.48
A12: 42163 | B12: 228.48 | C12: 87.6084 | D12: 15.29
A13: 42164 | B13: 229.81 | C13: 87.1697 | D13: 14.47
A14: 42165 | B14: 228.46 | C14: 89.7596 | D14: 13.22
A15: 42166 | B15: 228.8 | C15: 87.7673 | D15: 12.85
A16: 42167 | B16: 229.9 | C16: 87.6824 | D16: 13.78
A17: 42169 | B17: 232.17
A18: 42170 | B18: 235.93 | C18: 86.0026 | D18: 15.39
A19: 42171 | B19: 246.32 | C19: 85.6971 | D19: 14.81
A20: 42172 | B20: 250.31 | C20: 82.4194 | D20: 14.5
A21: 42173 | B21: 249.08 | C21: 82.5575 | D21: 13.19
A22: 42174 | B22: 246.04 | C22: 84.7442 | D22: 13.96
A23: 42176 | B23: 241.92
A24: 42177 | B24: 247.24 | C24: 84.4485 | D24: 12.74
A25: 42178 | B25: 244.36 | C25: 84.2001 | D25: 12.11
A26: 42179 | B26: 240.98 | C26: 82.6809 | D26: 13.26
A27: 42180 | B27: 240.66 | C27: 83.3241 | D27: 14.01
A28: 42181 | B28: 241.27 | C28: 84.3188 | D28: 14.02
A29: 42183 | B29: 248.63
A30: 42184 | B30: 255.53 | C30: 89.7561 | D30: 18.85
A31: 42185 | B31: 260.97 | C31: 92.2575 | D31: 18.23
A32: 42186 | B32: 258.85 | C32: 90.2884 | D32: 16.09
A33: 42187 | B33: 255.81 | C33: 87.9611 | D33: 16.79
A34: 42188 | B34: 255.22 | C34: 87.9611
A35: 42190 | B35: 269.69
A36: 42191 | B36: 273.94 | C36: 86.1804 | D36: 17.01
A37: 42192 | B37: 265.92 | C37: 90.4681 | D37: 16.09
A38: 42193 | B38: 268.05 | C38: 89.4277 | D38: 19.66
A39: 42194 | B39: 270.31 | C39: 89.3438 | D39: 19.97
A40: 42195 | B40: 287.13 | C40: 90.2308 | D40: 16.83
A41: 42197 | B41: 309.16
A42: 42198 | B42: 289.49 | C42: 84.7052 | D42: 13.9
A43: 42199 | B43: 290.34 | C43: 80.7951 | D43: 13.37
A44: 42200 | B44: 290.77 | C44: 79.0645 | D44: 13.23
A45: 42201 | B45: 278.11 | C45: 75.9534 | D45: 12.11
A46: 42202 | B46: 278.27 | C46: 74.2116 | D46: 11.95
A47: 42204 | B47: 275.34
A48: 42205 | B48: 277.55 | C48: 72.8414 | D48: 12.25
A49: 42206 | B49: 279.28 | C49: 72.4231 | D49: 12.22
A50: 42207 | B50: 276.53 | C50: 72.1123 | D50: 12.12
A51: 42208 | B51: 276.95 | C51: 72.6253 | D51: 12.64
A52: 42209 | B52: 288.16 | C52: 73.0107 | D52: 13.74
A53: 42211 | B53: 291.52
A54: 42212 | B54: 294.93 | C54: 72.2234 | D54: 15.6
A55: 42213 | B55: 295.59 | C55: 71.8541 | D55: 13.44
A56: 42214 | B56: 291.45 | C56: 69.7128 | D56: 12.5
A57: 42215 | B57: 287.48 | C57: 71.2077 | D57: 12.13
A58: 42216 | B58: 284.69 | C58: 75.7512 | D58: 12.12
A59: 42218 | B59: 281.59
A60: 42219 | B60: 283.89 | C60: 74.7474 | D60: 12.56
A61: 42220 | B61: 285.31 | C61: 80.4708 | D61: 13
A62: 42221 | B62: 282.83 | C62: 80.6999 | D62: 12.51
A63: 42222 | B63: 278.81 | C63: 80.3154 | D63: 13.77
A64: 42223 | B64: 279.66 | C64: 76.2278 | D64: 13.39
A65: 42225 | B65: 262.77
A66: 42226 | B66: 265.13 | C66: 75.2812 | D66: 12.23
A67: 42227 | B67: 266.21 | C67: 78.0583 | D67: 13.71
A68: 42228 | B68: 269.9 | C68: 81.4635 | D68: 13.61
A69: 42229 | B69: 265.37 | C69: 80.0038 | D69: 13.49
A70: 42230 | B70: 266.56 | C70: 77.0784 | D70: 12.83
A71: 42232 | B71: 257.07
A72: 42233 | B72: 257.88 | C72: 76.0641 | D72: 13.02
A73: 42234 | B73: 250.66 | C73: 82.7068 | D73: 13.79
A74: 42235 | B74: 227.11 | C74: 81.5426 | D74: 15.25
A75: 42236 | B75: 236.13 | C75: 84.591 | D75: 19.14
A76: 42237 | B76: 233.14 | C76: 88.5202 | D76: 28.03
A77: 42239 | B77: 228.34
A78: 42240 | B78: 215.17 | C78: 94.5406 | D78: 40.74
A79: 42241 | B79: 226 | C79: 91.0891 | D79: 36.02
A80: 42242 | B80: 226.84 | C80: 92.0136 | D80: 30.32
A81: 42243 | B81: 227.01 | C81: 91.405 | D81: 26.1
A82: 42244 | B82: 233.59 | C82: 91.0788 | D82: 26.05
A83: 42246 | B83: 227.97
A84: 42247 | B84: 230.41 | C84: 87.7352 | D84: 28.43
A85: 42248 | B85: 226.98 | C85: 88.6754 | D85: 31.4
A86: 42249 | B86: 229.2 | C86: 93.0829 | D86: 26.09
A87: 42250 | B87: 227.35 | C87: 91.409 | D87: 25.61
A88: 42251 | B88: 231.09 | C88: 86.7756 | D88: 27.8
A89: 42253 | B89: 241.46
A90: 42254 | B90: 240.78 | C90: 86.7756
A91: 42255 | B91: 244.11 | C91: 85.2408 | D91: 24.9
A92: 42256 | B92: 239.48 | C92: 85.0569 | D92: 26.23
A93: 42257 | B93: 239.5 | C93: 83.5976 | D93: 24.37
A94: 42258 | B94: 239.9 | C94: 83.7805 | D94: 23.2
A95: 42260 | B95: 230.09
A96: 42261 | B96: 231.37 | C96: 82.6907 | D96: 24.25
A97: 42262 | B97: 229.79 | C97: 85.0155 | D97: 22.54
A98: 42263 | B98: 228.14 | C98: 84.9087 | D98: 21.35
A99: 42264 | B99: 233.23 | C99: 77.6964 | D99: 21.14
A100: 42265 | B100: 233.24 | C100: 75.7821 | D100: 22.28
...

Sheet japan-yen
A1: Date | B1: BTC Spot | C1: USDJPY | D1: 10Y US Minus 10Y Japan Yield | E1: 2Y US Minus 2Y Japan Yield
A2: 42005 | B2: 314.49 | C2: 119.74
A3: 42006 | B3: 314.73 | C3: 120.5
A4: 42008 | B4: 266.26
A5: 42009 | B5: 270.93 | C5: 119.64 | D5: 1.712 | E5: 0.6718
A6: 42010 | B6: 286.41 | C6: 118.39 | D6: 1.6522 | E6: 0.646
A7: 42011 | B7: 296.13 | C7: 119.26 | D7: 1.6712 | E7: 0.6301
A8: 42012 | B8: 293.83 | C8: 119.66 | D8: 1.7299 | E8: 0.6271
A9: 42013 | B9: 289.81 | C9: 118.5 | D9: 1.6759 | E9: 0.592
A10: 42015 | B10: 268.12 | D10: 1.6759 | E10: 0.592
A11: 42016 | B11: 270.65 | C11: 118.35 | D11: 1.638 | E11: 0.5759
A12: 42017 | B12: 236.05 | C12: 117.93 | D12: 1.642 | E12: 0.5588
A13: 42018 | B13: 183.07 | C13: 117.33 | D13: 1.6063 | E13: 0.5206
A14: 42019 | B14: 206.68 | C14: 116.17 | D14: 1.4674 | E14: 0.4312
A15: 42020 | B15: 208.34 | C15: 117.51 | D15: 1.5998 | E15: 0.5035
A16: 42022 | B16: 207.87 | D16: 1.5998 | E16: 0.5035
A17: 42023 | B17: 216.21 | C17: 117.56 | D17: 1.6413 | E17: 0.5035
A18: 42024 | B18: 211.18 | C18: 118.82 | D18: 1.575 | E18: 0.5164
A19: 42025 | B19: 225.1 | C19: 117.97 | D19: 1.6297 | E19: 0.5324
A20: 42026 | B20: 231.92 | C20: 118.49 | D20: 1.5531 | E20: 0.5294
A21: 42027 | B21: 237.01 | C21: 117.77 | D21: 1.5688 | E21: 0.4974
A22: 42029 | B22: 251.78 | D22: 1.5688 | E22: 0.4974
A23: 42030 | B23: 271.61 | C23: 118.46 | D23: 1.6001 | E23: 0.5237
A24: 42031 | B24: 261.76 | C24: 117.87 | D24: 1.5691 | E24: 0.5235
A25: 42032 | B25: 235.94 | C25: 117.54 | D25: 1.4352 | E25: 0.4604
A26: 42033 | B26: 234.12 | C26: 118.29 | D26: 1.4642 | E26: 0.5098
A27: 42034 | B27: 229.67 | C27: 117.49 | D27: 1.3692 | E27: 0.4428
A28: 42036 | B28: 231.1 | D28: 1.3692 | E28: 0.4428
A29: 42037 | B29: 227.3 | C29: 117.57 | D29: 1.3802 | E29: 0.4306
A30: 42038 | B30: 227.86 | C30: 117.57 | D30: 1.4305 | E30: 0.4809
A31: 42039 | B31: 224.98 | C31: 117.28 | D31: 1.3753 | E31: 0.4522
A32: 42040 | B32: 218.76 | C32: 117.53 | D32: 1.4664 | E32: 0.4698
A33: 42041 | B33: 223.37 | C33: 119.12 | D33: 1.6227 | E33: 0.6095
A34: 42043 | B34: 222.08 | D34: 1.6227 | E34: 0.6095
A35: 42044 | B35: 221 | C35: 118.64 | D35: 1.6285 | E35: 0.6017
A36: 42045 | B36: 219.7 | C36: 119.43 | D36: 1.6092 | E36: 0.5979
A37: 42046 | B37: 219.39 | C37: 120.46 | D37: 1.6301 | E37: 0.6122
A38: 42047 | B38: 222.2 | C38: 119.11 | D38: 1.5939 | E38: 0.5742
A39: 42048 | B39: 234.25 | C39: 118.75 | D39: 1.6319 | E39: 0.5941
A40: 42050 | B40: 231.03 | D40: 1.6319 | E40: 0.5941
A41: 42051 | B41: 237.01 | C41: 118.48 | D41: 1.6154 | E41: 0.5961
A42: 42052 | B42: 241.53 | C42: 119.25 | D42: 1.7449 | E42: 0.6235
A43: 42053 | B43: 233.48 | C43: 118.79 | D43: 1.675 | E43: 0.557
A44: 42054 | B44: 240.91 | C44: 118.95 | D44: 1.7262 | E44: 0.5844
A45: 42055 | B45: 244.84 | C45: 119.03 | D45: 1.7307 | E45: 0.5981
A46: 42057 | B46: 235.59 | D46: 1.7307 | E46: 0.5981
A47: 42058 | B47: 240.42 | C47: 118.81 | D47: 1.6794 | E47: 0.5677
A48: 42059 | B48: 239.34 | C48: 118.97 | D48: 1.608 | E48: 0.5179
A49: 42060 | B49: 237.97 | C49: 118.86 | D49: 1.6338 | E49: 0.5776
A50: 42061 | B50: 236.5 | C50: 119.41 | D50: 1.6915 | E50: 0.6201
A51: 42062 | B51: 254.87 | C51: 119.63 | D51: 1.664 | E51: 0.6004
A52: 42064 | B52: 258.18 | D52: 1.664 | E52: 0.6004
A53: 42065 | B53: 272.88 | C53: 120.13 | D53: 1.742 | E53: 0.6371
A54: 42066 | B54: 283.36 | C54: 119.73 | D54: 1.7484 | E54: 0.6522
A55: 42067 | B55: 273.1 | C55: 119.68 | D55: 1.7142 | E55: 0.6306
A56: 42068 | B56: 279.93 | C56: 120.13 | D56: 1.7164 | E56: 0.6279
A57: 42069 | B57: 273.25 | C57: 120.83 | D57: 1.8504 | E57: 0.7114
A58: 42071 | B58: 274.29 | D58: 1.8504 | E58: 0.7114
A59: 42072 | B59: 289.07 | C59: 121.15 | D59: 1.7647 | E59: 0.6687
A60: 42073 | B60: 293.19 | C60: 121.13 | D60: 1.6667 | E60: 0.6459
A61: 42074 | B61: 294.55 | C61: 121.45 | D61: 1.6946 | E61: 0.6522
A62: 42075 | B62: 296.15 | C62: 121.29 | D62: 1.7326 | E62: 0.6364
A63: 42076 | B63: 288.4 | C63: 121.4 | D63: 1.7125 | E63: 0.638
A64: 42078 | B64: 285.65 | D64: 1.7125 | E64: 0.638
A65: 42079 | B65: 290.13 | C65: 121.34 | D65: 1.6612 | E65: 0.6321
A66: 42080 | B66: 287.46 | C66: 121.37 | D66: 1.6332 | E66: 0.6526
A67: 42081 | B67: 263.42 | C67: 120.11 | D67: 1.5594 | E67: 0.5405
A68: 42082 | B68: 256.95 | C68: 120.78 | D68: 1.6375 | E68: 0.5982
A69: 42083 | B69: 263.17 | C69: 120.04 | D69: 1.6073 | E69: 0.5702
A70: 42085 | B70: 266.74 | D70: 1.6073 | E70: 0.5702
A71: 42086 | B71: 266.4 | C71: 119.73 | D71: 1.6085 | E71: 0.5501
A72: 42087 | B72: 247.76 | C72: 119.76 | D72: 1.5681 | E72: 0.53
A73: 42088 | B73: 244.13 | C73: 119.49 | D73: 1.6 | E73: 0.5753
A74: 42089 | B74: 248.76 | C74: 119.19 | D74: 1.6654 | E74: 0.5812
A75: 42090 | B75: 248.55 | C75: 119.13 | D75: 1.5915 | E75: 0.5534
A76: 42092 | B76: 242.67 | D76: 1.5915 | E76: 0.5534
A77: 42093 | B77: 247.52 | C77: 120.07 | D77: 1.5795 | E77: 0.5387
A78: 42094 | B78: 244.14 | C78: 120.13 | D78: 1.5276 | E78: 0.5091
A79: 42095 | B79: 245.82 | C79: 119.76 | D79: 1.4793 | E79: 0.4975
A80: 42096 | B80: 252.07 | C80: 119.72 | D80: 1.5762 | E80: 0.5126
A81: 42097 | B81: 254.51 | C81: 118.97 | D81: 1.5487 | E81: 0.5196
A82: 42099 | B82: 256.03 | D82: 1.5487 | E82: 0.5196
A83: 42100 | B83: 254.58 | C83: 119.54 | D83: 1.5602 | E83: 0.48
A84: 42101 | B84: 254.94 | C84: 120.28 | D84: 1.5308 | E84: 0.4959
A85: 42102 | B85: 246.11 | C85: 120.13 | D85: 1.5507 | E85: 0.5078
A86: 42103 | B86: 242.91 | C86: 120.58 | D86: 1.6026 | E86: 0.5338
A87: 42104 | B87: 234.99 | C87: 120.22 | D87: 1.6083 | E87: 0.544
A88: 42106 | B88: 236.13 | D88: 1.6083 | E88: 0.544
A89: 42107 | B89: 225.16 | C89: 120.13 | D89: 1.5942 | E89: 0.515
A90: 42108 | B90: 218.31 | C90: 119.4 | D90: 1.5745 | E90: 0.502
A91: 42109 | B91: 220.23 | C91: 119.14 | D91: 1.565 | E91: 0.482
A92: 42110 | B92: 228.99 | C92: 119.02 | D92: 1.5667 | E92: 0.4699
A93: 42111 | B93: 223.31 | C93: 118.9 | D93: 1.5628 | E93: 0.5001
A94: 42113 | B94: 223.21 | D94: 1.5628 | E94: 0.5001
A95: 42114 | B95: 224.35 | C95: 119.18 | D95: 1.5846 | E95: 0.5112
A96: 42115 | B96: 233.03 | C96: 119.67 | D96: 1.6037 | E96: 0.5062
A97: 42116 | B97: 233.67 | C97: 119.91 | D97: 1.6783 | E97: 0.5396
A98: 42117 | B98: 234.7 | C98: 119.58 | D98: 1.6487 | E98: 0.5244
A99: 42118 | B99: 231.41 | C99: 118.99 | D99: 1.6241 | E99: 0.5201
A100: 42120 | B100: 222.07 | D100: 1.6241 | E100: 0.5201
...

Sheet GOLD_ETFs
A1: Date | B1: 001.046 Index (L1) | C1: HOLDTOT Index (R2) | D1: 924.046 Index (R1) | E1: XAUUSD BGN Curncy (R2) | F1: ETFGTOTL Index (L2) | G1: XAG BGN Curncy (R1)
A2: 36528 | E2: 289 | G2: 5.405
A3: 36529 | E3: 282.25 | G3: 5.325
A4: 36530 | E4: 280 | G4: 5.145
A5: 36531 | E5: 281.1 | G5: 5.12
A6: 36532 | E6: 281.75 | G6: 5.175
A7: 36535 | E7: 281.48 | G7: 5.145
A8: 36536 | E8: 283.25 | G8: 5.16
A9: 36537 | E9: 282.35 | G9: 5.105
A10: 36538 | E10: 284.25 | G10: 5.11
A11: 36539 | E11: 284.2 | G11: 5.125
A12: 36542 | E12: 285.5 | G12: 5.11
A13: 36543 | E13: 288.65 | G13: 5.12
... A21: 36553 | E21: 283.25 | G21: 5.26
A22: 36556 | B22: 1077.58 | D22: 12.7 | E22: 283.5 | G22: 5.245
A23: 36557 | E23: 282.63 | G23: 5.195
A24: 36558 | E24: 284.75 | G24: 5.18
A25: 36559 | E25: 287.45 | G25: 5.23
A26: 36560 | E26: 310.3 | G26: 5.285
A27: 36563 | E27: 302.75 | G27: 5.225
A28: 36564 | E28: 301.75 | G28: 5.275
A29: 36565 | E29: 306.75 | G29: 5.36
A30: 36566 | E30: 315 | G30: 5.36
A31: 36567 | E31: 310.95 | G31: 5.29
A32: 36570 | E32: 308.15 | G32: 5.235
A33: 36571 | E33: 301.75 | G33: 5.225
A34: 36572 | E34: 302.5 | G34: 5.26
... A42: 36584 | E42: 291.75 | G42: 5.06
A43: 36585 | B43: 1075.76 | D43: 12.7 | E43: 292.2 | G43: 5.07
A44: 36586 | E44: 289.75 | G44: 5.08
A45: 36587 | E45: 288.5 | G45: 5.03
A46: 36588 | E46: 288.8 | G46: 5.11
A47: 36591 | E47: 287.63 | G47: 5.06
A48: 36592 | E48: 293.25 | G48: 5.075
A49: 36593 | E49: 288.13 | G49: 5.09
A50: 36594 | E50: 291.2 | G50: 5.1
A51: 36595 | E51: 289 | G51: 5.06
A52: 36598 | E52: 290.7 | G52: 5.07
A53: 36599 | E53: 288.88 | G53: 5.095
A54: 36600 | E54: 288.85 | G54: 5.12
A55: 36601 | E55: 286.5 | G55: 5.09
... A65: 36615 | E65: 276.75 | G65: 4.95
A66: 36616 | B66: 1075.24 | C66: 1252.1 | D66: 12.7 | E66: 279.08 | G66: 5.01
A67: 36619 | E67: 278.2 | G67: 5.03
A68: 36620 | E68: 284.45 | G68: 5.14
A69: 36621 | E69: 281.5 | G69: 5.155
A70: 36622 | E70: 280.5 | G70: 5.115
A71: 36623 | E71: 280 | G71: 5.085
A72: 36626 | E72: 282 | G72: 5.13
A73: 36627 | E73: 281.8 | G73: 5.135
A74: 36628 | E74: 282.05 | G74: 5.115
A75: 36629 | E75: 281.6 | G75: 5.15
A76: 36630 | E76: 282.6 | G76: 5.11
A77: 36633 | E77: 281.38 | G77: 5.105
A78: 36634 | E78: 281.3 | G78: 5.11
... A86: 36644 | E86: 273.55 | G86: 4.97
A87: 36646 | B87: 1074.44 | C87: 1088.9 | D87: 12.7
A88: 36647 | E88: 273.35 | G88: 5.02
A89: 36648 | E89: 274.95 | G89: 5.025
A90: 36649 | E90: 278.25 | G90: 5.015
A91: 36650 | E91: 279.95 | G91: 5.1
A92: 36651 | E92: 278.95 | G92: 4.995
A93: 36654 | E93: 276.73 | G93: 5.01
A94: 36655 | E94: 277.25 | G94: 5.025
A95: 36656 | E95: 277.75 | G95: 5.035
A96: 36657 | E96: 275.95 | G96: 5
A97: 36658 | E97: 276.15 | G97: 5
A98: 36661 | E98: 275.45 | G98: 4.995
A99: 36662 | E99: 275.65 | G99: 5.085
... A109: 36676 | E109: 273.2 | G109: 4.935
A110: 36677 | B110: 1072.83 | C110: 1072.2 | D110: 12.7 | E110: 272.1 | G110: 4.92
A111: 36678 | E111: 272.8 | G111: 4.895
A112: 36679 | E112: 281.15 | G112: 4.935
A113: 36682 | E113: 285.45 | G113: 5.025
A114: 36683 | E114: 289 | G114: 5.075
A115: 36684 | E115: 286.7 | G115: 5.07
A116: 36685 | E116: 284.45 | G116: 5.06
A117: 36686 | E117: 283.85 | G117: 5.03
A118: 36689 | E118: 286.8 | G118: 5.01
A119: 36690 | E119: 285.75 | G119: 5
A120: 36691 | E120: 291.75 | G120: 5.06
A121: 36692 | E121: 289.85 | G121: 5.065
A122: 36693 | E122: 289.25 | G122: 5.055
... A131: 36706 | E131: 289.25 | G131: 5
A132: 36707 | B132: 1069.57 | C132: 1060.7 | D132: 12.7 | E132: 289.53 | G132: 5.03
A133: 36710 | E133: 288.35 | G133: 5
A134: 36711 | E134: 288.05 | G134: 4.99
A135: 36712 | E135: 284.25 | G135: 4.98
A136: 36713 | E136: 283.65 | G136: 4.995
A137: 36714 | E137: 283.65 | G137: 4.975
A138: 36717 | E138: 283.95 | G138: 4.985
A139: 36718 | E139: 282.55 | G139: 4.955
A140: 36719 | E140: 280.6 | G140: 4.965
A141: 36720 | E141: 280.25 | G141: 4.97
A142: 36721 | E142: 281.3 | G142: 5
A143: 36724 | E143: 283.6 | G143: 5.01
A144: 36725 | E144: 282.65 | G144: 5.015
... A152: 36735 | E152: 278.38 | G152: 4.95
A153: 36738 | B153: 1068.18 | C153: 1055.9 | D153: 12.7 | E153: 277.25 | G153: 4.99
A154: 36739 | E154: 277.35 | G154: 4.985
...

Sheet BTC_ETH_ETFs
A1: Date | B1: BTC ETF | C1: ETH ETF | D1: MSTR ($M) | E1: Gold ETF | F1: BTC Spot | G1: ETH Spot | H1: BTC/ ETH | I1: Gold Spot | J1: MetaPlanet Purchases (~$M) | K1: Spot ETFs & Strategy | L1: Rolling 20D Flow Sum
A2: 45302 | B2: 655.3 | C2: #N/A | D2: 0 | E2: =_xlfn.XLOOKUP(A2,GOLD_ETFs!A:A,GOLD_ETFs!F:F) -> 85230800 | F2: =_xlfn.XLOOKUP(A2,spread!A:A,spread!F:F) -> 46163.13 | G2: =_xlfn.XLOOKUP(A2,corr!A:A,corr!I:I) -> 2604.02 | H2: =F2/G2 -> 17.72764 | I2: =_xlfn.XLOOKUP(A2,corr!A:A,corr!E:E,,1) -> 2028.91 | J2: =(_xlfn.XLOOKUP(BTC_ETH_ETFs!A2,MetaPlanet_BTC!A:A,MetaPlanet_BTC!C:C)*F2)/ 1000000 -> #N/A | K2: =B2+D2 -> 655.3
A3: 45303 | B3: 203 | C3: #N/A | D3: 0 | E3: =_xlfn.XLOOKUP(A3,GOLD_ETFs!A:A,GOLD_ETFs!F:F) -> 85121880 | F3: =_xlfn.XLOOKUP(A3,spread!A:A,spread!F:F) -> 43426.6 | G3: =_xlfn.XLOOKUP(A3,corr!A:A,corr!I:I) -> 2523.675 | H3: =F3/G3 -> 17.207683 | I3: =_xlfn.XLOOKUP(A3,corr!A:A,corr!E:E,,1) -> 2049.06 | J3: =(_xlfn.XLOOKUP(BTC_ETH_ETFs!A3,MetaPlanet_BTC!A:A,MetaPlanet_BTC!C:C)*F3)/ 1000000 -> #N/A | K3: =B3+D3 -> 203
A4: 45306 | B4: 0 | C4: #N/A | D4: 0 | E4: =_xlfn.XLOOKUP(A4,GOLD_ETFs!A:A,GOLD_ETFs!F:F) -> 85123128 | F4: =_xlfn.XLOOKUP(A4,spread!A:A,spread!F:F) -> 42687.31 | G4: =_xlfn.XLOOKUP(A4,corr!A:A,corr!I:I) -> 2520.518 | H4: =F4/G4 -> 16.935927 | I4: =_xlfn.XLOOKUP(A4,corr!A:A,corr!E:E,,1) -> 2056.55 | J4: =(_xlfn.XLOOKUP(BTC_ETH_ETFs!A4,MetaPlanet_BTC!A:A,MetaPlanet_BTC!C:C)*F4)/ 1000000 -> #N/A | K4: =B4+D4 -> 0
A5: 45307 | B5: -52.7 | C5: #N/A | D5: 0 | E5: =_xlfn.XLOOKUP(A5,GOLD_ETFs!A:A,GOLD_ETFs!F:F) -> 85101288 | F5: =_xlfn.XLOOKUP(A5,spread!A:A,spread!F:F) -> 43434.42 | G5: =_xlfn.XLOOKUP(A5,corr!A:A,corr!I:I) -> 2607.052 | H5: =F5/G5 -> 16.660358 | I5: =_xlfn.XLOOKUP(A5,corr!A:A,corr!E:E,,1) -> 2028.44 | J5: =(_xlfn.XLOOKUP(BTC_ETH_ETFs!A5,MetaPlanet_BTC!A:A,MetaPlanet_BTC!C:C)*F5)/ 1000000 -> #N/A | K5: =B5+D5 -> -52.7
A6: 45308 | B6: 453.8 | C6: #N/A | D6: 0 | E6: =_xlfn.XLOOKUP(A6,GOLD_ETFs!A:A,GOLD_ETFs!F:F) -> 85111984 | F6: =_xlfn.XLOOKUP(A6,spread!A:A,spread!F:F) -> 42637.06 | G6: =_xlfn.XLOOKUP(A6,corr!A:A,corr!I:I) -> 2524.21 | H6: =F6/G6 -> 16.891249 | I6: =_xlfn.XLOOKUP(A6,corr!A:A,corr!E:E,,1) -> 2006.25 | J6: =(_xlfn.XLOOKUP(BTC_ETH_ETFs!A6,MetaPlanet_BTC!A:A,MetaPlanet_BTC!C:C)*F6)/ 1000000 -> #N/A | K6: =B6+D6 -> 453.8
A7: 45309 | B7: -126.6 | C7: #N/A | D7: 0 | E7: =_xlfn.XLOOKUP(A7,GOLD_ETFs!A:A,GOLD_ETFs!F:F) -> 85064960 | F7: =_xlfn.XLOOKUP(A7,spread!A:A,spread!F:F) -> 41069.92 | G7: =_xlfn.XLOOKUP(A7,corr!A:A,corr!I:I) -> 2453.965 | H7: =F7/G7 -> 16.736147 | I7: =_xlfn.XLOOKUP(A7,corr!A:A,corr!E:E,,1) -> 2023.34 | J7: =(_xlfn.XLOOKUP(BTC_ETH_ETFs!A7,MetaPlanet_BTC!A:A,MetaPlanet_BTC!C:C)*F7)/ 1000000 -> #N/A | K7: =B7+D7 -> -126.6
A8: 45310 | B8: 43.6 | C8: #N/A | D8: 0 | E8: =_xlfn.XLOOKUP(A8,GOLD_ETFs!A:A,GOLD_ETFs!F:F) -> 85048936 | F8: =_xlfn.XLOOKUP(A8,spread!A:A,spread!F:F) -> 41602.18 | G8: =_xlfn.XLOOKUP(A8,corr!A:A,corr!I:I) -> 2486.953 | H8: =F8/G8 -> 16.728173 | I8: =_xlfn.XLOOKUP(A8,corr!A:A,corr!E:E,,1) -> 2029.49 | J8: =(_xlfn.XLOOKUP(BTC_ETH_ETFs!A8,MetaPlanet_BTC!A:A,MetaPlanet_BTC!C:C)*F8)/ 1000000 -> #N/A | K8: =B8+D8 -> 43.6
A9: 45313 | B9: -87.4 | C9: #N/A | D9: 0 | E9: =_xlfn.XLOOKUP(A9,GOLD_ETFs!A:A,GOLD_ETFs!F:F) -> 84870160 | F9: =_xlfn.XLOOKUP(A9,spread!A:A,spread!F:F) -> 39815.45 | G9: =_xlfn.XLOOKUP(A9,corr!A:A,corr!I:I) -> 2325 | H9: =F9/G9 -> 17.124925 | I9: =_xlfn.XLOOKUP(A9,corr!A:A,corr!E:E,,1) -> 2021.7 | J9: =(_xlfn.XLOOKUP(BTC_ETH_ETFs!A9,MetaPlanet_BTC!A:A,MetaPlanet_BTC!C:C)*F9)/ 1000000 -> #N/A | K9: =B9+D9 -> -87.4
A10: 45314 | B10: -106.1 | C10: #N/A | D10: 0 | E10: =_xlfn.XLOOKUP(A10,GOLD_ETFs!A:A,GOLD_ETFs!F:F) -> 84856600 | F10: =_xlfn.XLOOKUP(A10,spread!A:A,spread!F:F) -> 39201.77 | G10: =_xlfn.XLOOKUP(A10,corr!A:A,corr!I:I) -> 2201.962 | H10: =F10/G10 -> 17.803109 | I10: =_xlfn.XLOOKUP(A10,corr!A:A,corr!E:E,,1) -> 2029.28 | J10: =(_xlfn.XLOOKUP(BTC_ETH_ETFs!A10,MetaPlanet_BTC!A:A,MetaPlanet_BTC!C:C)*F10)/ 1000000 -> #N/A | K10: =B10+D10 -> -106.1
A11: 45315 | B11: -158.3 | C11: #N/A | D11: 0 | E11: =_xlfn.XLOOKUP(A11,GOLD_ETFs!A:A,GOLD_ETFs!F:F) -> 84845984 | F11: =_xlfn.XLOOKUP(A11,spread!A:A,spread!F:F) -> 39765.38 | G11: =_xlfn.XLOOKUP(A11,corr!A:A,corr!I:I) -> 2215.9 | H11: =F11/G11 -> 17.945476 | I11: =_xlfn.XLOOKUP(A11,corr!A:A,corr!E:E,,1) -> 2013.89 | J11: =(_xlfn.XLOOKUP(BTC_ETH_ETFs!A11,MetaPlanet_BTC!A:A,MetaPlanet_BTC!C:C)*F11)/ 1000000 -> #N/A | K11: =B11+D11 -> -158.3
A12: 45316 | B12: -79.8 | C12: #N/A | D12: 0 | E12: =_xlfn.XLOOKUP(A12,GOLD_ETFs!A:A,GOLD_ETFs!F:F) -> 84761336 | F12: =_xlfn.XLOOKUP(A12,spread!A:A,spread!F:F) -> 39904.41 | G12: =_xlfn.XLOOKUP(A12,corr!A:A,corr!I:I) -> 2218.047 | H12: =F12/G12 -> 17.990786 | I12: =_xlfn.XLOOKUP(A12,corr!A:A,corr!E:E,,1) -> 2020.84 | J12: =(_xlfn.XLOOKUP(BTC_ETH_ETFs!A12,MetaPlanet_BTC!A:A,MetaPlanet_BTC!C:C)*F12)/ 1000000 -> #N/A | K12: =B12+D12 -> -79.8
A13: 45317 | B13: 14.8 | C13: #N/A | D13: 0 | E13: =_xlfn.XLOOKUP(A13,GOLD_ETFs!A:A,GOLD_ETFs!F:F) -> 84711848 | F13: =_xlfn.XLOOKUP(A13,spread!A:A,spread!F:F) -> 41994.36 | G13: =_xlfn.XLOOKUP(A13,corr!A:A,corr!I:I) -> 2259.127 | H13: =F13/G13 -> 18.588756 | I13: =_xlfn.XLOOKUP(A13,corr!A:A,corr!E:E,,1) -> 2018.52 | J13: =(_xlfn.XLOOKUP(BTC_ETH_ETFs!A13,MetaPlanet_BTC!A:A,MetaPlanet_BTC!C:C)*F13)/ 1000000 -> #N/A | K13: =B13+D13 -> 14.8
... A21: 45329 | B21: 146 | C21: #N/A | D21: 0 | E21: =_xlfn.XLOOKUP(A21,GOLD_ETFs!A:A,GOLD_ETFs!F:F) -> 84006544 | F21: =_xlfn.XLOOKUP(A21,spread!A:A,spread!F:F) -> 44188.33 | G21: =_xlfn.XLOOKUP(A21,corr!A:A,corr!I:I) -> 2430.01 | H21: =F21/G21 -> 18.184423 | I21: =_xlfn.XLOOKUP(A21,corr!A:A,corr!E:E,,1) -> 2035.36 | J21: =(_xlfn.XLOOKUP(BTC_ETH_ETFs!A21,MetaPlanet_BTC!A:A,MetaPlanet_BTC!C:C)*F21)/ 1000000 -> #N/A | K21: =B21+D21 -> 146
A22: 45330 | B22: 405 | C22: #N/A | D22: 0 | E22: =_xlfn.XLOOKUP(A22,GOLD_ETFs!A:A,GOLD_ETFs!F:F) -> 84050224 | F22: =_xlfn.XLOOKUP(A22,spread!A:A,spread!F:F) -> 45331.74 | G22: =_xlfn.XLOOKUP(A22,corr!A:A,corr!I:I) -> 2425.695 | H22: =F22/G22 -> 18.688145 | I22: =_xlfn.XLOOKUP(A22,corr!A:A,corr!E:E,,1) -> 2034.52 | J22: =(_xlfn.XLOOKUP(BTC_ETH_ETFs!A22,MetaPlanet_BTC!A:A,MetaPlanet_BTC!C:C)*F22)/ 1000000 -> #N/A | K22: =B22+D22 -> 405 | L22: =SUM(K2:K21) -> 1862.8
A23: 45331 | B23: 541.5 | C23: #N/A | D23: 0 | E23: =_xlfn.XLOOKUP(A23,GOLD_ETFs!A:A,GOLD_ETFs!F:F) -> 84031344 | F23: =_xlfn.XLOOKUP(A23,spread!A:A,spread!F:F) -> 47547.04 | G23: =_xlfn.XLOOKUP(A23,corr!A:A,corr!I:I) -> 2504.087 | H23: =F23/G23 -> 18.987775 | I23: =_xlfn.XLOOKUP(A23,corr!A:A,corr!E:E,,1) -> 2024.26 | J23: =(_xlfn.XLOOKUP(BTC_ETH_ETFs!A23,MetaPlanet_BTC!A:A,MetaPlanet_BTC!C:C)*F23)/ 1000000 -> #N/A | K23: =B23+D23 -> 541.5 | L23: =SUM(K3:K22) -> 1612.5
A24: 45334 | B24: 493.4 | C24: #N/A | D24: 0 | E24: =_xlfn.XLOOKUP(A24,GOLD_ETFs!A:A,GOLD_ETFs!F:F) -> 83860432 | F24: =_xlfn.XLOOKUP(A24,spread!A:A,spread!F:F) -> 49843.24 | G24: =_xlfn.XLOOKUP(A24,corr!A:A,corr!I:I) -> 2632.54 | H24: =F24/G24 -> 18.933517 | I24: =_xlfn.XLOOKUP(A24,corr!A:A,corr!E:E,,1) -> 2020.05 | J24: =(_xlfn.XLOOKUP(BTC_ETH_ETFs!A24,MetaPlanet_BTC!A:A,MetaPlanet_BTC!C:C)*F24)/ 1000000 -> #N/A | K24: =B24+D24 -> 493.4 | L24: =SUM(K4:K23) -> 1951
A25: 45335 | B25: 636.3 | C25: #N/A | D25: 0 | E25: =_xlfn.XLOOKUP(A25,GOLD_ETFs!A:A,GOLD_ETFs!F:F) -> 83778584 | F25: =_xlfn.XLOOKUP(A25,spread!A:A,spread!F:F) -> 49563.06 | G25: =_xlfn.XLOOKUP(A25,corr!A:A,corr!I:I) -> 2633.485 | H25: =F25/G25 -> 18.820331 | I25: =_xlfn.XLOOKUP(A25,corr!A:A,corr!E:E,,1) -> 1993.15 | J25: =(_xlfn.XLOOKUP(BTC_ETH_ETFs!A25,MetaPlanet_BTC!A:A,MetaPlanet_BTC!C:C)*F25)/ 1000000 -> #N/A | K25: =B25+D25 -> 636.3 | L25: =SUM(K5:K24) -> 2444.4
A26: 45336 | B26: 339.7 | C26: #N/A | D26: 0 | E26: =_xlfn.XLOOKUP(A26,GOLD_ETFs!A:A,GOLD_ETFs!F:F) -> 83671200 | F26: =_xlfn.XLOOKUP(A26,spread!A:A,spread!F:F) -> 51772.71 | G26: =_xlfn.XLOOKUP(A26,corr!A:A,corr!I:I) -> 2780.5 | H26: =F26/G26 -> 18.619928 | I26: =_xlfn.XLOOKUP(A26,corr!A:A,corr!E:E,,1) -> 1992.33 | J26: =(_xlfn.XLOOKUP(BTC_ETH_ETFs!A26,MetaPlanet_BTC!A:A,MetaPlanet_BTC!C:C)*F26)/ 1000000 -> #N/A | K26: =B26+D26 -> 339.7 | L26: =SUM(K6:K25) -> 3133.4
A27: 45337 | B27: 477.4 | C27: #N/A | D27: 0 | E27: =_xlfn.XLOOKUP(A27,GOLD_ETFs!A:A,GOLD_ETFs!F:F) -> 83585264 | F27: =_xlfn.XLOOKUP(A27,spread!A:A,spread!F:F) -> 51371.31 | G27: =_xlfn.XLOOKUP(A27,corr!A:A,corr!I:I) -> 2796.427 | H27: =F27/G27 -> 18.370338 | I27: =_xlfn.XLOOKUP(A27,corr!A:A,corr!E:E,,1) -> 2004.4 | J27: =(_xlfn.XLOOKUP(BTC_ETH_ETFs!A27,MetaPlanet_BTC!A:A,MetaPlanet_BTC!C:C)*F27)/ 1000000 -> #N/A | K27: =B27+D27 -> 477.4 | L27: =SUM(K7:K26) -> 3019.3
A28: 45338 | B28: 330.3 | C28: #N/A | D28: 0 | E28: =_xlfn.XLOOKUP(A28,GOLD_ETFs!A:A,GOLD_ETFs!F:F) -> 83552456 | F28: =_xlfn.XLOOKUP(A28,spread!A:A,spread!F:F) -> 52016.4 | G28: =_xlfn.XLOOKUP(A28,corr!A:A,corr!I:I) -> 2791.978 | H28: =F28/G28 -> 18.630663 | I28: =_xlfn.XLOOKUP(A28,corr!A:A,corr!E:E,,1) -> 2013.59 | J28: =(_xlfn.XLOOKUP(BTC_ETH_ETFs!A28,MetaPlanet_BTC!A:A,MetaPlanet_BTC!C:C)*F28)/ 1000000 -> #N/A | K28: =B28+D28 -> 330.3 | L28: =SUM(K8:K27) -> 3623.3
A29: 45341 | B29: 0 | C29: #N/A | D29: 0 | E29: =_xlfn.XLOOKUP(A29,GOLD_ETFs!A:A,GOLD_ETFs!F:F) -> 83544112 | F29: =_xlfn.XLOOKUP(A29,spread!A:A,spread!F:F) -> 51906.55 | G29: =_xlfn.XLOOKUP(A29,corr!A:A,corr!I:I) -> 2968.002 | H29: =F29/G29 -> 17.488718 | I29: =_xlfn.XLOOKUP(A29,corr!A:A,corr!E:E,,1) -> 2017.21 | J29: =(_xlfn.XLOOKUP(BTC_ETH_ETFs!A29,MetaPlanet_BTC!A:A,MetaPlanet_BTC!C:C)*F29)/ 1000000 -> #N/A | K29: =B29+D29 -> 0 | L29: =SUM(K9:K28) -> 3910
A30: 45342 | B30: 135.6 | C30: #N/A | D30: 0 | E30: =_xlfn.XLOOKUP(A30,GOLD_ETFs!A:A,GOLD_ETFs!F:F) -> 83493304 | F30: =_xlfn.XLOOKUP(A30,spread!A:A,spread!F:F) -> 52037.65 | G30: =_xlfn.XLOOKUP(A30,corr!A:A,corr!I:I) -> 2988.52 | H30: =F30/G30 -> 17.412515 | I30: =_xlfn.XLOOKUP(A30,corr!A:A,corr!E:E,,1) -> 2024.41 | J30: =(_xlfn.XLOOKUP(BTC_ETH_ETFs!A30,MetaPlanet_BTC!A:A,MetaPlanet_BTC!C:C)*F30)/ 1000000 -> #N/A | K30: =B30+D30 -> 135.6 | L30: =SUM(K10:K29) -> 3997.4
A31: 45343 | B31: -35.6 | C31: #N/A | D31: 0 | E31: =_xlfn.XLOOKUP(A31,GOLD_ETFs!A:A,GOLD_ETFs!F:F) -> 83297784 | F31: =_xlfn.XLOOKUP(A31,spread!A:A,spread!F:F) -> 51388.56 | G31: =_xlfn.XLOOKUP(A31,corr!A:A,corr!I:I) -> 2927.677 | H31: =F31/G31 -> 17.552674 | I31: =_xlfn.XLOOKUP(A31,corr!A:A,corr!E:E,,1) -> 2025.99 | J31: =(_xlfn.XLOOKUP(BTC_ETH_ETFs!A31,MetaPlanet_BTC!A:A,MetaPlanet_BTC!C:C)*F31)/ 1000000 -> #N/A | K31: =B31+D31 -> -35.6 | L31: =SUM(K11:K30) -> 4239.1
A32: 45344 | B32: 251.4 | C32: #N/A | D32: 0 | E32: =_xlfn.XLOOKUP(A32,GOLD_ETFs!A:A,GOLD_ETFs!F:F) -> 83248856 | F32: =_xlfn.XLOOKUP(A32,spread!A:A,spread!F:F) -> 51650.63 | G32: =_xlfn.XLOOKUP(A32,corr!A:A,corr!I:I) -> 2984.752 | H32: =F32/G32 -> 17.304831 | I32: =_xlfn.XLOOKUP(A32,corr!A:A,corr!E:E,,1) -> 2024.39 | J32: =(_xlfn.XLOOKUP(BTC_ETH_ETFs!A32,MetaPlanet_BTC!A:A,MetaPlanet_BTC!C:C)*F32)/ 1000000 -> #N/A | K32: =B32+D32 -> 251.4 | L32: =SUM(K12:K31) -> 4361.8
A33: 45345 | B33: 232.5 | C33: #N/A | D33: 0 | E33: =_xlfn.XLOOKUP(A33,GOLD_ETFs!A:A,GOLD_ETFs!F:F) -> 83122120 | F33: =_xlfn.XLOOKUP(A33,spread!A:A,spread!F:F) -> 50981.2 | G33: =_xlfn.XLOOKUP(A33,corr!A:A,corr!I:I) -> 2942.478 | H33: =F33/G33 -> 17.325941 | I33: =_xlfn.XLOOKUP(A33,corr!A:A,corr!E:E,,1) -> 2035.4 | J33: =(_xlfn.XLOOKUP(BTC_ETH_ETFs!A33,MetaPlanet_BTC!A:A,MetaPlanet_BTC!C:C)*F33)/ 1000000 -> #N/A | K33: =B33+D33 -> 232.5 | L33: =SUM(K13:K32) -> 4693
... A57: 45379 | B57: 182.8 | C57: #N/A | D57: 0 | E57: =_xlfn.XLOOKUP(A57,GOLD_ETFs!A:A,GOLD_ETFs!F:F) -> 82716368 | F57: =_xlfn.XLOOKUP(A57,spread!A:A,spread!F:F) -> 70712.89 | G57: =_xlfn.XLOOKUP(A57,corr!A:A,corr!I:I) -> 3562.545 | H57: =F57/G57 -> 19.848982 | I57: =_xlfn.XLOOKUP(A57,corr!A:A,corr!E:E,,1) -> 2229.87 | J57: =(_xlfn.XLOOKUP(BTC_ETH_ETFs!A57,MetaPlanet_BTC!A:A,MetaPlanet_BTC!C:C)*F57)/ 1000000 -> #N/A | K57: =B57+D57 -> 182.8 | L57: =SUM(K37:K56) -> 5991.1
A58: 45380 | B58: 0 | C58: #N/A | D58: 0 | E58: =_xlfn.XLOOKUP(A58,GOLD_ETFs!A:A,GOLD_ETFs!F:F) -> 82714832 | F58: =_xlfn.XLOOKUP(A58,spread!A:A,spread!F:F) -> 69654.16 | G58: =_xlfn.XLOOKUP(A58,corr!A:A,corr!I:I) -> 3498.177 | H58: =F58/G58 -> 19.91156 | I58: 2229.87 | J58: =(_xlfn.XLOOKUP(BTC_ETH_ETFs!A58,MetaPlanet_BTC!A:A,MetaPlanet_BTC!C:C)*F58)/ 1000000 -> #N/A | K58: =B58+D58 -> 0 | L58: =SUM(K38:K57) -> 6081.6
A59: 45383 | B59: -85.7 | C59: #N/A | D59: 0 | E59: =_xlfn.XLOOKUP(A59,GOLD_ETFs!A:A,GOLD_ETFs!F:F) -> 82708176 | F59: =_xlfn.XLOOKUP(A59,spread!A:A,spread!F:F) -> 69767.89 | G59: =_xlfn.XLOOKUP(A59,corr!A:A,corr!I:I) -> 3497.45 | H59: =F59/G59 -> 19.948217 | I59: =_xlfn.XLOOKUP(A59,corr!A:A,corr!E:E,,1) -> 2251.44 | J59: =(_xlfn.XLOOKUP(BTC_ETH_ETFs!A59,MetaPlanet_BTC!A:A,MetaPlanet_BTC!C:C)*F59)/ 1000000 -> #N/A | K59: =B59+D59 -> -85.7 | L59: =SUM(K39:K58) -> 6221.2
A60: 45384 | B60: 39.5 | C60: #N/A | D60: 0 | E60: =_xlfn.XLOOKUP(A60,GOLD_ETFs!A:A,GOLD_ETFs!F:F) -> 82590392 | F60: =_xlfn.XLOOKUP(A60,spread!A:A,spread!F:F) -> 65702.14 | G60: =_xlfn.XLOOKUP(A60,corr!A:A,corr!I:I) -> 3271.837 | H60: =F60/G60 -> 20.081117 | I60: =_xlfn.XLOOKUP(A60,corr!A:A,corr!E:E,,1) -> 2280.67 | J60: =(_xlfn.XLOOKUP(BTC_ETH_ETFs!A60,MetaPlanet_BTC!A:A,MetaPlanet_BTC!C:C)*F60)/ 1000000 -> #N/A | K60: =B60+D60 -> 39.5 | L60: =SUM(K40:K59) -> 5572.8
A61: 45385 | B61: 113.5 | C61: #N/A | D61: 0 | E61: =_xlfn.XLOOKUP(A61,GOLD_ETFs!A:A,GOLD_ETFs!F:F) -> 82669000 | F61: =_xlfn.XLOOKUP(A61,spread!A:A,spread!F:F) -> 65742.2 | G61: =_xlfn.XLOOKUP(A61,corr!A:A,corr!I:I) -> 3307.371 | H61: =F61/G61 -> 19.87748 | I61: =_xlfn.XLOOKUP(A61,corr!A:A,corr!E:E,,1) -> 2300 | J61: =(_xlfn.XLOOKUP(BTC_ETH_ETFs!A61,MetaPlanet_BTC!A:A,MetaPlanet_BTC!C:C)*F61)/ 1000000 -> #N/A | K61: =B61+D61 -> 113.5 | L61: =SUM(K41:K60) -> 4964
A62: 45386 | B62: 213.4 | C62: #N/A | D62: 0 | E62: =_xlfn.XLOOKUP(A62,GOLD_ETFs!A:A,GOLD_ETFs!F:F) -> 82706488 | F62: =_xlfn.XLOOKUP(A62,spread!A:A,spread!F:F) -> 67948.37 | G62: =_xlfn.XLOOKUP(A62,corr!A:A,corr!I:I) -> 3326.073 | H62: =F62/G62 -> 20.429007 | I62: =_xlfn.XLOOKUP(A62,corr!A:A,corr!E:E,,1) -> 2290.94 | J62: =(_xlfn.XLOOKUP(BTC_ETH_ETFs!A62,MetaPlanet_BTC!A:A,MetaPlanet_BTC!C:C)*F62)/ 1000000 -> #N/A | K62: =B62+D62 -> 213.4 | L62: =SUM(K42:K61) -> 4745.5
A63: 45387 | B63: 203 | C63: #N/A | D63: 0 | E63: =_xlfn.XLOOKUP(A63,GOLD_ETFs!A:A,GOLD_ETFs!F:F) -> 82759216 | F63: =_xlfn.XLOOKUP(A63,spread!A:A,spread!F:F) -> 67660.41 | G63: =_xlfn.XLOOKUP(A63,corr!A:A,corr!I:I) -> 3335.583 | H63: =F63/G63 -> 20.284433 | I63: =_xlfn.XLOOKUP(A63,corr!A:A,corr!E:E,,1) -> 2329.75 | J63: =(_xlfn.XLOOKUP(BTC_ETH_ETFs!A63,MetaPlanet_BTC!A:A,MetaPlanet_BTC!C:C)*F63)/ 1000000 -> #N/A | K63: =B63+D63 -> 203 | L63: =SUM(K43:K62) -> 4486.4
A64: 45390 | B64: -223.8 | C64: #N/A | D64: 0 | E64: =_xlfn.XLOOKUP(A64,GOLD_ETFs!A:A,GOLD_ETFs!F:F) -> 82460168 | F64: =_xlfn.XLOOKUP(A64,spread!A:A,spread!F:F) -> 71706.37 | G64: =_xlfn.XLOOKUP(A64,corr!A:A,corr!I:I) -> 3689.258 | H64: =F64/G64 -> 19.436529 | I64: =_xlfn.XLOOKUP(A64,corr!A:A,corr!E:E,,1) -> 2339.03 | J64: =(_xlfn.XLOOKUP(BTC_ETH_ETFs!A64,MetaPlanet_BTC!A:A,MetaPlanet_BTC!C:C)*F64)/ 1000000 -> 0 | K64: =B64+D64 -> -223.8 | L64: =SUM(K44:K63) -> 4466.4
A65: 45391 | B65: -19.4 | C65: #N/A | D65: 0 | E65: =_xlfn.XLOOKUP(A65,GOLD_ETFs!A:A,GOLD_ETFs!F:F) -> 82450072 | F65: =_xlfn.XLOOKUP(A65,spread!A:A,spread!F:F) -> 69127.2 | G65: =_xlfn.XLOOKUP(A65,corr!A:A,corr!I:I) -> 3512.871 | H65: =F65/G65 -> 19.678263 | I65: =_xlfn.XLOOKUP(A65,corr!A:A,corr!E:E,,1) -> 2352.78 | J65: =(_xlfn.XLOOKUP(BTC_ETH_ETFs!A65,MetaPlanet_BTC!A:A,MetaPlanet_BTC!C:C)*F65)/ 1000000 -> #N/A | K65: =B65+D65 -> -19.4 | L65: =SUM(K45:K64) -> 2915.2
A66: 45392 | B66: 123.7 | C66: #N/A | D66: 0 | E66: =_xlfn.XLOOKUP(A66,GOLD_ETFs!A:A,GOLD_ETFs!F:F) -> 82276352 | F66: =_xlfn.XLOOKUP(A66,spread!A:A,spread!F:F) -> 69807.51 | G66: =_xlfn.XLOOKUP(A66,corr!A:A,corr!I:I) -> 3513.627 | H66: =F66/G66 -> 19.86765 | I66: =_xlfn.XLOOKUP(A66,corr!A:A,corr!E:E,,1) -> 2334.04 | J66: =(_xlfn.XLOOKUP(BTC_ETH_ETFs!A66,MetaPlanet_BTC!A:A,MetaPlanet_BTC!C:C)*F66)/ 1000000 -> #N/A | K66: =B66+D66 -> 123.7 | L66: =SUM(K46:K65) -> 1850.8
A67: 45393 | B67: 91.3 | C67: #N/A | D67: 0 | E67: =_xlfn.XLOOKUP(A67,GOLD_ETFs!A:A,GOLD_ETFs!F:F) -> 82207176 | F67: =_xlfn.XLOOKUP(A67,spread!A:A,spread!F:F) -> 70509.59 | G67: =_xlfn.XLOOKUP(A67,corr!A:A,corr!I:I) -> 3524.621 | H67: =F67/G67 -> 20.004871 | I67: =_xlfn.XLOOKUP(A67,corr!A:A,corr!E:E,,1) -> 2372.52 | J67: =(_xlfn.XLOOKUP(BTC_ETH_ETFs!A67,MetaPlanet_BTC!A:A,MetaPlanet_BTC!C:C)*F67)/ 1000000 -> #N/A | K67: =B67+D67 -> 91.3 | L67: =SUM(K47:K66) -> 1290.8
A68: 45394 | B68: -55.1 | C68: #N/A | D68: 0 | E68: =_xlfn.XLOOKUP(A68,GOLD_ETFs!A:A,GOLD_ETFs!F:F) -> 82268712 | F68: =_xlfn.XLOOKUP(A68,spread!A:A,spread!F:F) -> 67127.64 | G68: =_xlfn.XLOOKUP(A68,corr!A:A,corr!I:I) -> 3227.097 | H68: =F68/G68 -> 20.801246 | I68: =_xlfn.XLOOKUP(A68,corr!A:A,corr!E:E,,1) -> 2344.37 | J68: =(_xlfn.XLOOKUP(BTC_ETH_ETFs!A68,MetaPlanet_BTC!A:A,MetaPlanet_BTC!C:C)*F68)/ 1000000 -> #N/A | K68: =B68+D68 -> -55.1 | L68: =SUM(K48:K67) -> 1249.4
A69: 45397 | B69: -36.7 | C69: #N/A | D69: 0 | E69: =_xlfn.XLOOKUP(A69,GOLD_ETFs!A:A,GOLD_ETFs!F:F) -> 82031768 | F69: =_xlfn.XLOOKUP(A69,spread!A:A,spread!F:F) -> 63152.49 | G69: =_xlfn.XLOOKUP(A69,corr!A:A,corr!I:I) -> 3083.275 | H69: =F69/G69 -> 20.482276 | I69: =_xlfn.XLOOKUP(A69,corr!A:A,corr!E:E,,1) -> 2383.34 | J69: =(_xlfn.XLOOKUP(BTC_ETH_ETFs!A69,MetaPlanet_BTC!A:A,MetaPlanet_BTC!C:C)*F69)/ 1000000 -> #N/A | K69: =B69+D69 -> -36.7 | L69: =SUM(K49:K68) -> 995.5
A70: 45398 | B70: -58 | C70: #N/A | D70: 0 | E70: =_xlfn.XLOOKUP(A70,GOLD_ETFs!A:A,GOLD_ETFs!F:F) -> 81945304 | F70: =_xlfn.XLOOKUP(A70,spread!A:A,spread!F:F) -> 63039.97 | G70: =_xlfn.XLOOKUP(A70,corr!A:A,corr!I:I) -> 3071.163 | H70: =F70/G70 -> 20.526416 | I70: =_xlfn.XLOOKUP(A70,corr!A:A,corr!E:E,,1) -> 2382.89 | J70: =(_xlfn.XLOOKUP(BTC_ETH_ETFs!A70,MetaPlanet_BTC!A:A,MetaPlanet_BTC!C:C)*F70)/ 1000000 -> #N/A | K70: =B70+D70 -> -58 | L70: =SUM(K50:K69) -> 1113.1
... A139: 45495 | B139: 485.9 | C139: #N/A | D139: 0 | E139: =_xlfn.XLOOKUP(A139,GOLD_ETFs!A:A,GOLD_ETFs!F:F) -> 82549072 | F139: =_xlfn.XLOOKUP(A139,spread!A:A,spread!F:F) -> 68147.89 | G139: =_xlfn.XLOOKUP(A139,corr!A:A,corr!I:I) -> 3490.2 | H139: =F139/G139 -> 19.525497 | I139: =_xlfn.XLOOKUP(A139,corr!A:A,corr!E:E,,1) -> 2396.59 | J139: =(_xlfn.XLOOKUP(BTC_ETH_ETFs!A139,MetaPlanet_BTC!A:A,MetaPlanet_BTC!C:C)*F139)/ 1000000 -> 1.3889221 | K139: =B139+D139 -> 485.9 | L139: =SUM(K119:K138) -> 2489.8
A140: 45496 | B140: -78 | C140: 106.6 | D140: 0 | E140: =_xlfn.XLOOKUP(A140,GOLD_ETFs!A:A,GOLD_ETFs!F:F) -> 82608408 | F140: =_xlfn.XLOOKUP(A140,spread!A:A,spread!F:F) -> 65854.09 | G140: =_xlfn.XLOOKUP(A140,corr!A:A,corr!I:I) -> 3483.601 | H140: =F140/G140 -> 18.904028 | I140: =_xlfn.XLOOKUP(A140,corr!A:A,corr!E:E,,1) -> 2409.64 | J140: =(_xlfn.XLOOKUP(BTC_ETH_ETFs!A140,MetaPlanet_BTC!A:A,MetaPlanet_BTC!C:C)*F140)/ 1000000 -> 0 | K140: =B140+D140 -> -78 | L140: =SUM(K120:K139) -> 3150.2
A141: 45497 | B141: 44.5 | C141: -133.3 | D141: 0 | E141: =_xlfn.XLOOKUP(A141,GOLD_ETFs!A:A,GOLD_ETFs!F:F) -> 82679448 | F141: =_xlfn.XLOOKUP(A141,spread!A:A,spread!F:F) -> 66042.98 | G141: =_xlfn.XLOOKUP(A141,corr!A:A,corr!I:I) -> 3375.323 | H141: =F141/G141 -> 19.566418 | I141: =_xlfn.XLOOKUP(A141,corr!A:A,corr!E:E,,1) -> 2397.7 | J141: =(_xlfn.XLOOKUP(BTC_ETH_ETFs!A141,MetaPlanet_BTC!A:A,MetaPlanet_BTC!C:C)*F141)/ 1000000 -> 0 | K141: =B141+D141 -> 44.5 | L141: =SUM(K121:K140) -> 3041.2
A142: 45498 | B142: 31.1 | C142: -152.4 | D142: 0 | E142: =_xlfn.XLOOKUP(A142,GOLD_ETFs!A:A,GOLD_ETFs!F:F) -> 82898544 | F142: =_xlfn.XLOOKUP(A142,spread!A:A,spread!F:F) -> 65275.46 | G142: =_xlfn.XLOOKUP(A142,corr!A:A,corr!I:I) -> 3153.7 | H142: =F142/G142 -> 20.698056 | I142: =_xlfn.XLOOKUP(A142,corr!A:A,corr!E:E,,1) -> 2364.56 | J142: =(_xlfn.XLOOKUP(BTC_ETH_ETFs!A142,MetaPlanet_BTC!A:A,MetaPlanet_BTC!C:C)*F142)/ 1000000 -> 0 | K142: =B142+D142 -> 31.1 | L142: =SUM(K122:K141) -> 3064.3
A143: 45499 | B143: 51.8 | C143: -162.7 | D143: 0 | E143: =_xlfn.XLOOKUP(A143,GOLD_ETFs!A:A,GOLD_ETFs!F:F) -> 83067416 | F143: =_xlfn.XLOOKUP(A143,spread!A:A,spread!F:F) -> 67448.64 | G143: =_xlfn.XLOOKUP(A143,corr!A:A,corr!I:I) -> 3254.663 | H143: =F143/G143 -> 20.723694 | I143: =_xlfn.XLOOKUP(A143,corr!A:A,corr!E:E,,1) -> 2387.19 | J143: =(_xlfn.XLOOKUP(BTC_ETH_ETFs!A143,MetaPlanet_BTC!A:A,MetaPlanet_BTC!C:C)*F143)/ 1000000 -> 0 | K143: =B143+D143 -> 51.8 | L143: =SUM(K123:K142) -> 3083.6
A144: 45502 | B144: 124.1 | C144: -98.3 | D144: 0 | E144: =_xlfn.XLOOKUP(A144,GOLD_ETFs!A:A,GOLD_ETFs!F:F) -> 82962632 | F144: =_xlfn.XLOOKUP(A144,spread!A:A,spread!F:F) -> 67367.26 | G144: =_xlfn.XLOOKUP(A144,corr!A:A,corr!I:I) -> 3321.32 | H144: =F144/G144 -> 20.283279 | I144: =_xlfn.XLOOKUP(A144,corr!A:A,corr!E:E,,1) -> 2384.19 | J144: =(_xlfn.XLOOKUP(BTC_ETH_ETFs!A144,MetaPlanet_BTC!A:A,MetaPlanet_BTC!C:C)*F144)/ 1000000 -> 0 | K144: =B144+D144 -> 124.1 | L144: =SUM(K124:K143) -> 3062.4
A145: 45503 | B145: -18.3 | C145: 33.7 | D145: 0 | E145: =_xlfn.XLOOKUP(A145,GOLD_ETFs!A:A,GOLD_ETFs!F:F) -> 82979088 | F145: =_xlfn.XLOOKUP(A145,spread!A:A,spread!F:F) -> 66174.57 | G145: =_xlfn.XLOOKUP(A145,corr!A:A,corr!I:I) -> 3280.85 | H145: =F145/G145 -> 20.169947 | I145: =_xlfn.XLOOKUP(A145,corr!A:A,corr!E:E,,1) -> 2410.78 | J145: =(_xlfn.XLOOKUP(BTC_ETH_ETFs!A145,MetaPlanet_BTC!A:A,MetaPlanet_BTC!C:C)*F145)/ 1000000 -> 0 | K145: =B145+D145 -> -18.3 | L145: =SUM(K125:K144) -> 3057
A146: 45504 | B146: 0.3 | C146: -77.2 | D146: 0 | E146: =_xlfn.XLOOKUP(A146,GOLD_ETFs!A:A,GOLD_ETFs!F:F) -> 82996800 | F146: =_xlfn.XLOOKUP(A146,spread!A:A,spread!F:F) -> 64559.96 | G146: =_xlfn.XLOOKUP(A146,corr!A:A,corr!I:I) -> 3221.15 | H146: =F146/G146 -> 20.042519 | I146: =_xlfn.XLOOKUP(A146,corr!A:A,corr!E:E,,1) -> 2447.6 | J146: =(_xlfn.XLOOKUP(BTC_ETH_ETFs!A146,MetaPlanet_BTC!A:A,MetaPlanet_BTC!C:C)*F146)/ 1000000 -> 0 | K146: =B146+D146 -> 0.3 | L146: =SUM(K126:K145) -> 3052.4
A147: 45505 | B147: 50.6 | C147: 26.7 | D147: 11 | E147: =_xlfn.XLOOKUP(A147,GOLD_ETFs!A:A,GOLD_ETFs!F:F) -> 82976544 | F147: =_xlfn.XLOOKUP(A147,spread!A:A,spread!F:F) -> 64694.03 | G147: =_xlfn.XLOOKUP(A147,corr!A:A,corr!I:I) -> 3168.36 | H147: =F147/G147 -> 20.418775 | I147: =_xlfn.XLOOKUP(A147,corr!A:A,corr!E:E,,1) -> 2446.26 | J147: =(_xlfn.XLOOKUP(BTC_ETH_ETFs!A147,MetaPlanet_BTC!A:A,MetaPlanet_BTC!C:C)*F147)/ 1000000 -> 0 | K147: =B147+D147 -> 61.6 | L147: =SUM(K127:K146) -> 3073.2
A148: 45506 | B148: -237.4 | C148: -54.3 | D148: 0 | E148: =_xlfn.XLOOKUP(A148,GOLD_ETFs!A:A,GOLD_ETFs!F:F) -> 82961056 | F148: =_xlfn.XLOOKUP(A148,spread!A:A,spread!F:F) -> 62551.57 | G148: =_xlfn.XLOOKUP(A148,corr!A:A,corr!I:I) -> 3016.555 | H148: =F148/G148 -> 20.736095 | I148: =_xlfn.XLOOKUP(A148,corr!A:A,corr!E:E,,1) -> 2443.24 | J148: =(_xlfn.XLOOKUP(BTC_ETH_ETFs!A148,MetaPlanet_BTC!A:A,MetaPlanet_BTC!C:C)*F148)/ 1000000 -> 0 | K148: =B148+D148 -> -237.4 | L148: =SUM(K128:K147) -> 3134.8
A149: 45509 | B149: -168.4 | C149: 48.8 | D149: 0 | E149: =_xlfn.XLOOKUP(A149,GOLD_ETFs!A:A,GOLD_ETFs!F:F) -> 83111768 | F149: =_xlfn.XLOOKUP(A149,spread!A:A,spread!F:F) -> 54395.26 | G149: =_xlfn.XLOOKUP(A149,corr!A:A,corr!I:I) -> 2437.17 | H149: =F149/G149 -> 22.319026 | I149: =_xlfn.XLOOKUP(A149,corr!A:A,corr!E:E,,1) -> 2410.79 | J149: =(_xlfn.XLOOKUP(BTC_ETH_ETFs!A149,MetaPlanet_BTC!A:A,MetaPlanet_BTC!C:C)*F149)/ 1000000 -> 0 | K149: =B149+D149 -> -168.4 | L149: =SUM(K129:K148) -> 2754.3
A150: 45510 | B150: -148.6 | C150: 98.4 | D150: 0 | E150: =_xlfn.XLOOKUP(A150,GOLD_ETFs!A:A,GOLD_ETFs!F:F) -> 83226072 | F150: =_xlfn.XLOOKUP(A150,spread!A:A,spread!F:F) -> 56571.57 | G150: =_xlfn.XLOOKUP(A150,corr!A:A,corr!I:I) -> 2489.675 | H150: =F150/G150 -> 22.722472 | I150: =_xlfn.XLOOKUP(A150,corr!A:A,corr!E:E,,1) -> 2390.82 | J150: =(_xlfn.XLOOKUP(BTC_ETH_ETFs!A150,MetaPlanet_BTC!A:A,MetaPlanet_BTC!C:C)*F150)/ 1000000 -> 0 | K150: =B150+D150 -> -148.6 | L150: =SUM(K130:K149) -> 2291.1
A151: 45511 | B151: 45.1 | C151: -23.7 | D151: 0 | E151: =_xlfn.XLOOKUP(A151,GOLD_ETFs!A:A,GOLD_ETFs!F:F) -> 82647456 | F151: =_xlfn.XLOOKUP(A151,spread!A:A,spread!F:F) -> 55154.01 | G151: =_xlfn.XLOOKUP(A151,corr!A:A,corr!I:I) -> 2349.552 | H151: =F151/G151 -> 23.474267 | I151: =_xlfn.XLOOKUP(A151,corr!A:A,corr!E:E,,1) -> 2382.92 | J151: =(_xlfn.XLOOKUP(BTC_ETH_ETFs!A151,MetaPlanet_BTC!A:A,MetaPlanet_BTC!C:C)*F151)/ 1000000 -> 0 | K151: =B151+D151 -> 45.1 | L151: =SUM(K131:K150) -> 1926.1
... A178: 45548 | B178: 263.2 | C178: 1.5 | D178: 1110 | E178: =_xlfn.XLOOKUP(A178,GOLD_ETFs!A:A,GOLD_ETFs!F:F) -> 83804216 | F178: =_xlfn.XLOOKUP(A178,spread!A:A,spread!F:F) -> 59878.39 | G178: =_xlfn.XLOOKUP(A178,corr!A:A,corr!I:I) -> 2423.375 | H178: =F178/G178 -> 24.708677 | I178: =_xlfn.XLOOKUP(A178,corr!A:A,corr!E:E,,1) -> 2577.7 | J178: =(_xlfn.XLOOKUP(BTC_ETH_ETFs!A178,MetaPlanet_BTC!A:A,MetaPlanet_BTC!C:C)*F178)/ 1000000 -> 0 | K178: =B178+D178 -> 1373.2 | L178: =SUM(K158:K177) -> -300.3
A179: 45551 | B179: 12.8 | C179: -9.4 | E179: =_xlfn.XLOOKUP(A179,GOLD_ETFs!A:A,GOLD_ETFs!F:F) -> 83763472 | F179: =_xlfn.XLOOKUP(A179,spread!A:A,spread!F:F) -> 57668.86 | G179: =_xlfn.XLOOKUP(A179,corr!A:A,corr!I:I) -> 2274.005 | H179: =F179/G179 -> 25.360041 | I179: =_xlfn.XLOOKUP(A179,corr!A:A,corr!E:E,,1) -> 2582.45 | J179: =(_xlfn.XLOOKUP(BTC_ETH_ETFs!A179,MetaPlanet_BTC!A:A,MetaPlanet_BTC!C:C)*F179)/ 1000000 -> 0 | K179: =B179+D179 -> 12.8 | L179: =SUM(K159:K178) -> 1037
A180: 45552 | B180: 186.8 | C180: -15.1 | E180: =_xlfn.XLOOKUP(A180,GOLD_ETFs!A:A,GOLD_ETFs!F:F) -> 83776648 | F180: =_xlfn.XLOOKUP(A180,spread!A:A,spread!F:F) -> 60137.4 | G180: =_xlfn.XLOOKUP(A180,corr!A:A,corr!I:I) -> 2344.76 | H180: =F180/G180 -> 25.647572 | I180: =_xlfn.XLOOKUP(A180,corr!A:A,corr!E:E,,1) -> 2569.5 | J180: =(_xlfn.XLOOKUP(BTC_ETH_ETFs!A180,MetaPlanet_BTC!A:A,MetaPlanet_BTC!C:C)*F180)/ 1000000 -> 0 | K180: =B180+D180 -> 186.8 | L180: =SUM(K160:K179) -> 987.7
A181: 45553 | B181: -52.7 | C181: -9.8 | E181: =_xlfn.XLOOKUP(A181,GOLD_ETFs!A:A,GOLD_ETFs!F:F) -> 83891976 | F181: =_xlfn.XLOOKUP(A181,spread!A:A,spread!F:F) -> 60232.24 | G181: =_xlfn.XLOOKUP(A181,corr!A:A,corr!I:I) -> 2325.887 | H181: =F181/G181 -> 25.89646 | I181: =_xlfn.XLOOKUP(A181,corr!A:A,corr!E:E,,1) -> 2558.91 | J181: =(_xlfn.XLOOKUP(BTC_ETH_ETFs!A181,MetaPlanet_BTC!A:A,MetaPlanet_BTC!C:C)*F181)/ 1000000 -> 0 | K181: =B181+D181 -> -52.7 | L181: =SUM(K161:K180) -> 1086.5
A182: 45554 | B182: 158.3 | C182: 5.2 | E182: =_xlfn.XLOOKUP(A182,GOLD_ETFs!A:A,GOLD_ETFs!F:F) -> 83846488 | F182: =_xlfn.XLOOKUP(A182,spread!A:A,spread!F:F) -> 63042.1 | G182: =_xlfn.XLOOKUP(A182,corr!A:A,corr!I:I) -> 2465.732 | H182: =F182/G182 -> 25.567296 | I182: =_xlfn.XLOOKUP(A182,corr!A:A,corr!E:E,,1) -> 2586.74 | J182: =(_xlfn.XLOOKUP(BTC_ETH_ETFs!A182,MetaPlanet_BTC!A:A,MetaPlanet_BTC!C:C)*F182)/ 1000000 -> 0 | K182: =B182+D182 -> 158.3 | L182: =SUM(K162:K181) -> 994.3
A183: 45555 | B183: 92 | C183: 2.9 | D183: 458 | E183: =_xlfn.XLOOKUP(A183,GOLD_ETFs!A:A,GOLD_ETFs!F:F) -> 83821376 | F183: =_xlfn.XLOOKUP(A183,spread!A:A,spread!F:F) -> 62823.51 | G183: =_xlfn.XLOOKUP(A183,corr!A:A,corr!I:I) -> 2540.7 | H183: =F183/G183 -> 24.726851 | I183: =_xlfn.XLOOKUP(A183,corr!A:A,corr!E:E,,1) -> 2621.88 | J183: =(_xlfn.XLOOKUP(BTC_ETH_ETFs!A183,MetaPlanet_BTC!A:A,MetaPlanet_BTC!C:C)*F183)/ 1000000 -> 0 | K183: =B183+D183 -> 550 | L183: =SUM(K163:K182) -> 1087.8
A184: 45558 | B184: 4.5 | C184: -79.3 | E184: =_xlfn.XLOOKUP(A184,GOLD_ETFs!A:A,GOLD_ETFs!F:F) -> 83969368 | F184: =_xlfn.XLOOKUP(A184,spread!A:A,spread!F:F) -> 63317.34 | G184: =_xlfn.XLOOKUP(A184,corr!A:A,corr!I:I) -> 2661.93 | H184: =F184/G184 -> 23.786253 | I184: =_xlfn.XLOOKUP(A184,corr!A:A,corr!E:E,,1) -> 2628.72 | J184: =(_xlfn.XLOOKUP(BTC_ETH_ETFs!A184,MetaPlanet_BTC!A:A,MetaPlanet_BTC!C:C)*F184)/ 1000000 -> 0 | K184: =B184+D184 -> 4.5 | L184: =SUM(K164:K183) -> 1385.8
A185: 45559 | B185: 136 | C185: 62.5 | E185: =_xlfn.XLOOKUP(A185,GOLD_ETFs!A:A,GOLD_ETFs!F:F) -> 84024856 | F185: =_xlfn.XLOOKUP(A185,spread!A:A,spread!F:F) -> 64227.01 | G185: =_xlfn.XLOOKUP(A185,corr!A:A,corr!I:I) -> 2651.058 | H185: =F185/G185 -> 24.226935 | I185: =_xlfn.XLOOKUP(A185,corr!A:A,corr!E:E,,1) -> 2657.1 | J185: =(_xlfn.XLOOKUP(BTC_ETH_ETFs!A185,MetaPlanet_BTC!A:A,MetaPlanet_BTC!C:C)*F185)/ 1000000 -> 0 | K185: =B185+D185 -> 136 | L185: =SUM(K165:K184) -> 1187.7
A186: 45560 | B186: 105.9 | C186: 43.2 | E186: =_xlfn.XLOOKUP(A186,GOLD_ETFs!A:A,GOLD_ETFs!F:F) -> 84040328 | F186: =_xlfn.XLOOKUP(A186,spread!A:A,spread!F:F) -> 63488.74 | G186: =_xlfn.XLOOKUP(A186,corr!A:A,corr!I:I) -> 2580.47 | H186: =F186/G186 -> 24.603557 | I186: =_xlfn.XLOOKUP(A186,corr!A:A,corr!E:E,,1) -> 2656.89 | J186: =(_xlfn.XLOOKUP(BTC_ETH_ETFs!A186,MetaPlanet_BTC!A:A,MetaPlanet_BTC!C:C)*F186)/ 1000000 -> 0 | K186: =B186+D186 -> 105.9 | L186: =SUM(K166:K185) -> 1450.8
A187: 45561 | B187: 365.7 | C187: -0.1 | E187: =_xlfn.XLOOKUP(A187,GOLD_ETFs!A:A,GOLD_ETFs!F:F) -> 84028136 | F187: =_xlfn.XLOOKUP(A187,spread!A:A,spread!F:F) -> 64678.85 | G187: =_xlfn.XLOOKUP(A187,corr!A:A,corr!I:I) -> 2631.903 | H187: =F187/G187 -> 24.574937 | I187: =_xlfn.XLOOKUP(A187,corr!A:A,corr!E:E,,1) -> 2672.38 | J187: =(_xlfn.XLOOKUP(BTC_ETH_ETFs!A187,MetaPlanet_BTC!A:A,MetaPlanet_BTC!C:C)*F187)/ 1000000 -> 0 | K187: =B187+D187 -> 365.7 | L187: =SUM(K167:K186) -> 1662
A188: 45562 | B188: 494.4 | C188: 58.7 | E188: =_xlfn.XLOOKUP(A188,GOLD_ETFs!A:A,GOLD_ETFs!F:F) -> 83872048 | F188: =_xlfn.XLOOKUP(A188,spread!A:A,spread!F:F) -> 65813.57 | G188: =_xlfn.XLOOKUP(A188,corr!A:A,corr!I:I) -> 2694.47 | H188: =F188/G188 -> 24.425423 | I188: =_xlfn.XLOOKUP(A188,corr!A:A,corr!E:E,,1) -> 2658.24 | J188: =(_xlfn.XLOOKUP(BTC_ETH_ETFs!A188,MetaPlanet_BTC!A:A,MetaPlanet_BTC!C:C)*F188)/ 1000000 -> 0 | K188: =B188+D188 -> 494.4 | L188: =SUM(K168:K187) -> 2099.5
A189: 45565 | B189: 61.3 | C189: -0.8 | E189: =_xlfn.XLOOKUP(A189,GOLD_ETFs!A:A,GOLD_ETFs!F:F) -> 83757840 | F189: =_xlfn.XLOOKUP(A189,spread!A:A,spread!F:F) -> 63785.09 | G189: =_xlfn.XLOOKUP(A189,corr!A:A,corr!I:I) -> 2613.605 | H189: =F189/G189 -> 24.405023 | I189: =_xlfn.XLOOKUP(A189,corr!A:A,corr!E:E,,1) -> 2634.58 | J189: =(_xlfn.XLOOKUP(BTC_ETH_ETFs!A189,MetaPlanet_BTC!A:A,MetaPlanet_BTC!C:C)*F189)/ 1000000 -> 0 | K189: =B189+D189 -> 61.3 | L189: =SUM(K169:K188) -> 2769.5
A190: 45566 | B190: -242.6 | C190: -48.6 | E190: =_xlfn.XLOOKUP(A190,GOLD_ETFs!A:A,GOLD_ETFs!F:F) -> 83840632 | F190: =_xlfn.XLOOKUP(A190,spread!A:A,spread!F:F) -> 60786.64 | G190: =_xlfn.XLOOKUP(A190,corr!A:A,corr!I:I) -> 2451.257 | H190: =F190/G190 -> 24.79815 | I190: =_xlfn.XLOOKUP(A190,corr!A:A,corr!E:E,,1) -> 2663.23 | J190: =(_xlfn.XLOOKUP(BTC_ETH_ETFs!A190,MetaPlanet_BTC!A:A,MetaPlanet_BTC!C:C)*F190)/ 1000000 -> 6.5596687 | K190: =B190+D190 -> -242.6 | L190: =SUM(K170:K189) -> 2830.8
A191: 45567 | B191: -91.7 | C191: 14.4 | E191: =_xlfn.XLOOKUP(A191,GOLD_ETFs!A:A,GOLD_ETFs!F:F) -> 83908008 | F191: =_xlfn.XLOOKUP(A191,spread!A:A,spread!F:F) -> 60905.21 | G191: =_xlfn.XLOOKUP(A191,corr!A:A,corr!I:I) -> 2385.585 | H191: =F191/G191 -> 25.530513 | I191: =_xlfn.XLOOKUP(A191,corr!A:A,corr!E:E,,1) -> 2658.69 | J191: =(_xlfn.XLOOKUP(BTC_ETH_ETFs!A191,MetaPlanet_BTC!A:A,MetaPlanet_BTC!C:C)*F191)/ 1000000 -> 0 | K191: =B191+D191 -> -91.7 | L191: =SUM(K171:K190) -> 2876
A192: 45568 | B192: -54.2 | C192: -3.2 | E192: =_xlfn.XLOOKUP(A192,GOLD_ETFs!A:A,GOLD_ETFs!F:F) -> 84059152 | F192: =_xlfn.XLOOKUP(A192,spread!A:A,spread!F:F) -> 60776.03 | G192: =_xlfn.XLOOKUP(A192,corr!A:A,corr!I:I) -> 2342.073 | H192: =F192/G192 -> 25.949674 | I192: =_xlfn.XLOOKUP(A192,corr!A:A,corr!E:E,,1) -> 2655.89 | J192: =(_xlfn.XLOOKUP(BTC_ETH_ETFs!A192,MetaPlanet_BTC!A:A,MetaPlanet_BTC!C:C)*F192)/ 1000000 -> 1.456923 | K192: =B192+D192 -> -54.2 | L192: =SUM(K172:K191) -> 2821.5
A193: 45569 | B193: 25.6 | C193: 7.4 | E193: =_xlfn.XLOOKUP(A193,GOLD_ETFs!A:A,GOLD_ETFs!F:F) -> 84060168 | F193: =_xlfn.XLOOKUP(A193,spread!A:A,spread!F:F) -> 62420.23 | G193: =_xlfn.XLOOKUP(A193,corr!A:A,corr!I:I) -> 2428.985 | H193: =F193/G193 -> 25.698071 | I193: =_xlfn.XLOOKUP(A193,corr!A:A,corr!E:E,,1) -> 2653.6 | J193: =(_xlfn.XLOOKUP(BTC_ETH_ETFs!A193,MetaPlanet_BTC!A:A,MetaPlanet_BTC!C:C)*F193)/ 1000000 -> 0 | K193: =B193+D193 -> 25.6 | L193: =SUM(K173:K192) -> 2978.4
A194: 45572 | B194: 235.2 | C194: 0 | E194: =_xlfn.XLOOKUP(A194,GOLD_ETFs!A:A,GOLD_ETFs!F:F) -> 84106808 | F194: =_xlfn.XLOOKUP(A194,spread!A:A,spread!F:F) -> 63009.26 | G194: =_xlfn.XLOOKUP(A194,corr!A:A,corr!I:I) -> 2441.413 | H194: =F194/G194 -> 25.808522 | I194: =_xlfn.XLOOKUP(A194,corr!A:A,corr!E:E,,1) -> 2642.59 | J194: =(_xlfn.XLOOKUP(BTC_ETH_ETFs!A194,MetaPlanet_BTC!A:A,MetaPlanet_BTC!C:C)*F194)/ 1000000 -> 6.8545254 | K194: =B194+D194 -> 235.2 | L194: =SUM(K174:K193) -> 3174
A195: 45573 | B195: -18.6 | C195: -8.1 | E195: =_xlfn.XLOOKUP(A195,GOLD_ETFs!A:A,GOLD_ETFs!F:F) -> 84059208 | F195: =_xlfn.XLOOKUP(A195,spread!A:A,spread!F:F) -> 62348.77 | G195: =_xlfn.XLOOKUP(A195,corr!A:A,corr!I:I) -> 2441.995 | H195: =F195/G195 -> 25.531899 | I195: =_xlfn.XLOOKUP(A195,corr!A:A,corr!E:E,,1) -> 2621.83 | J195: =(_xlfn.XLOOKUP(BTC_ETH_ETFs!A195,MetaPlanet_BTC!A:A,MetaPlanet_BTC!C:C)*F195)/ 1000000 -> 0 | K195: =B195+D195 -> -18.6 | L195: =SUM(K175:K194) -> 3380.6
... A218: 45604 | B218: 293.4 | C218: 85.9 | E218: =_xlfn.XLOOKUP(A218,GOLD_ETFs!A:A,GOLD_ETFs!F:F) -> 84099408 | F218: =_xlfn.XLOOKUP(A218,spread!A:A,spread!F:F) -> 76529.92 | G218: =_xlfn.XLOOKUP(A218,corr!A:A,corr!I:I) -> 2943.405 | H218: =F218/G218 -> 26.000472 | I218: =_xlfn.XLOOKUP(A218,corr!A:A,corr!E:E,,1) -> 2684.77 | J218: =(_xlfn.XLOOKUP(BTC_ETH_ETFs!A218,MetaPlanet_BTC!A:A,MetaPlanet_BTC!C:C)*F218)/ 1000000 -> 0 | K218: =B218+D218 -> 293.4 | L218: =SUM(K198:K217) -> 6938.8
A219: 45607 | B219: 1114.1 | C219: 295.5 | D219: 2025 | E219: =_xlfn.XLOOKUP(A219,GOLD_ETFs!A:A,GOLD_ETFs!F:F) -> 84020352 | F219: =_xlfn.XLOOKUP(A219,spread!A:A,spread!F:F) -> 88014.53 | G219: =_xlfn.XLOOKUP(A219,corr!A:A,corr!I:I) -> 3327.48 | H219: =F219/G219 -> 26.450807 | I219: =_xlfn.XLOOKUP(A219,corr!A:A,corr!E:E,,1) -> 2618.82 | J219: =(_xlfn.XLOOKUP(BTC_ETH_ETFs!A219,MetaPlanet_BTC!A:A,MetaPlanet_BTC!C:C)*F219)/ 1000000 -> 0 | K219: =B219+D219 -> 3139.1 | L219: =SUM(K199:K218) -> 6978.6
A220: 45608 | B220: 817.5 | C220: 135.9 | E220: =_xlfn.XLOOKUP(A220,GOLD_ETFs!A:A,GOLD_ETFs!F:F) -> 83974192 | F220: =_xlfn.XLOOKUP(A220,spread!A:A,spread!F:F) -> 88320.23 | G220: =_xlfn.XLOOKUP(A220,corr!A:A,corr!I:I) -> 3280.71 | H220: =F220/G220 -> 26.921072 | I220: =_xlfn.XLOOKUP(A220,corr!A:A,corr!E:E,,1) -> 2598.39 | J220: =(_xlfn.XLOOKUP(BTC_ETH_ETFs!A220,MetaPlanet_BTC!A:A,MetaPlanet_BTC!C:C)*F220)/ 1000000 -> 0 | K220: =B220+D220 -> 817.5 | L220: =SUM(K200:K219) -> 9561.8
A221: 45609 | B221: 510.1 | C221: 146.9 | E221: =_xlfn.XLOOKUP(A221,GOLD_ETFs!A:A,GOLD_ETFs!F:F) -> 83886720 | F221: =_xlfn.XLOOKUP(A221,spread!A:A,spread!F:F) -> 88633.92 | G221: =_xlfn.XLOOKUP(A221,corr!A:A,corr!I:I) -> 3154.578 | H221: =F221/G221 -> 28.096918 | I221: =_xlfn.XLOOKUP(A221,corr!A:A,corr!E:E,,1) -> 2572.98 | J221: =(_xlfn.XLOOKUP(BTC_ETH_ETFs!A221,MetaPlanet_BTC!A:A,MetaPlanet_BTC!C:C)*F221)/ 1000000 -> 0 | K221: =B221+D221 -> 510.1 | L221: =SUM(K201:K220) -> 10008.3
A222: 45610 | B222: -400.7 | C222: -3.2 | E222: =_xlfn.XLOOKUP(A222,GOLD_ETFs!A:A,GOLD_ETFs!F:F) -> 83873504 | F222: =_xlfn.XLOOKUP(A222,spread!A:A,spread!F:F) -> 88213.6 | G222: =_xlfn.XLOOKUP(A222,corr!A:A,corr!I:I) -> 3119.163 | H222: =F222/G222 -> 28.281177 | I222: =_xlfn.XLOOKUP(A222,corr!A:A,corr!E:E,,1) -> 2564.85 | J222: =(_xlfn.XLOOKUP(BTC_ETH_ETFs!A222,MetaPlanet_BTC!A:A,MetaPlanet_BTC!C:C)*F222)/ 1000000 -> 0 | K222: =B222+D222 -> -400.7 | L222: =SUM(K202:K221) -> 10059.9
A223: 45611 | B223: -370 | C223: -59.8 | E223: =_xlfn.XLOOKUP(A223,GOLD_ETFs!A:A,GOLD_ETFs!F:F) -> 83648360 | F223: =_xlfn.XLOOKUP(A223,spread!A:A,spread!F:F) -> 91740.37 | G223: =_xlfn.XLOOKUP(A223,corr!A:A,corr!I:I) -> 3091.732 | H223: =F223/G223 -> 29.672808 | I223: =_xlfn.XLOOKUP(A223,corr!A:A,corr!E:E,,1) -> 2563.25 | J223: =(_xlfn.XLOOKUP(BTC_ETH_ETFs!A223,MetaPlanet_BTC!A:A,MetaPlanet_BTC!C:C)*F223)/ 1000000 -> 0 | K223: =B223+D223 -> -370 | L223: =SUM(K203:K222) -> 9188.7
A224: 45614 | B224: 254.8 | C224: -39.1 | D224: 4600 | E224: =_xlfn.XLOOKUP(A224,GOLD_ETFs!A:A,GOLD_ETFs!F:F) -> 83363640 | F224: =_xlfn.XLOOKUP(A224,spread!A:A,spread!F:F) -> 91370.51 | G224: =_xlfn.XLOOKUP(A224,corr!A:A,corr!I:I) -> 3150.302 | H224: =F224/G224 -> 29.00373 | I224: =_xlfn.XLOOKUP(A224,corr!A:A,corr!E:E,,1) -> 2611.83 | J224: =(_xlfn.XLOOKUP(BTC_ETH_ETFs!A224,MetaPlanet_BTC!A:A,MetaPlanet_BTC!C:C)*F224)/ 1000000 -> 0 | K224: =B224+D224 -> 4854.8 | L224: =SUM(K204:K223) -> 8545
A225: 45615 | B225: 829.5 | C225: -81.3 | E225: =_xlfn.XLOOKUP(A225,GOLD_ETFs!A:A,GOLD_ETFs!F:F) -> 83403208 | F225: =_xlfn.XLOOKUP(A225,spread!A:A,spread!F:F) -> 92306.2 | G225: =_xlfn.XLOOKUP(A225,corr!A:A,corr!I:I) -> 3095.66 | H225: =F225/G225 -> 29.817939 | I225: =_xlfn.XLOOKUP(A225,corr!A:A,corr!E:E,,1) -> 2632.08 | J225: =(_xlfn.XLOOKUP(BTC_ETH_ETFs!A225,MetaPlanet_BTC!A:A,MetaPlanet_BTC!C:C)*F225)/ 1000000 -> 11.456769 | K225: =B225+D225 -> 829.5 | L225: =SUM(K205:K224) -> 13105.5
A226: 45616 | B226: 773.4 | C226: -30.3 | E226: =_xlfn.XLOOKUP(A226,GOLD_ETFs!A:A,GOLD_ETFs!F:F) -> 83426376 | F226: =_xlfn.XLOOKUP(A226,spread!A:A,spread!F:F) -> 94463.65 | G226: =_xlfn.XLOOKUP(A226,corr!A:A,corr!I:I) -> 3080.262 | H226: =F226/G226 -> 30.667408 | I226: =_xlfn.XLOOKUP(A226,corr!A:A,corr!E:E,,1) -> 2650.6 | J226: =(_xlfn.XLOOKUP(BTC_ETH_ETFs!A226,MetaPlanet_BTC!A:A,MetaPlanet_BTC!C:C)*F226)/ 1000000 -> 0 | K226: =B226+D226 -> 773.4 | L226: =SUM(K206:K225) -> 14014.1
A227: 45617 | B227: 1005.1 | C227: -9 | E227: =_xlfn.XLOOKUP(A227,GOLD_ETFs!A:A,GOLD_ETFs!F:F) -> 83517696 | F227: =_xlfn.XLOOKUP(A227,spread!A:A,spread!F:F) -> 98084.99 | G227: =_xlfn.XLOOKUP(A227,corr!A:A,corr!I:I) -> 3348.593 | H227: =F227/G227 -> 29.291404 | I227: =_xlfn.XLOOKUP(A227,corr!A:A,corr!E:E,,1) -> 2669.72 | J227: =(_xlfn.XLOOKUP(BTC_ETH_ETFs!A227,MetaPlanet_BTC!A:A,MetaPlanet_BTC!C:C)*F227)/ 1000000 -> 0 | K227: =B227+D227 -> 1005.1 | L227: =SUM(K207:K226) -> 14595.1
A228: 45618 | B228: 490.3 | C228: 91.3 | E228: =_xlfn.XLOOKUP(A228,GOLD_ETFs!A:A,GOLD_ETFs!F:F) -> 83623816 | F228: =_xlfn.XLOOKUP(A228,spread!A:A,spread!F:F) -> 99420.01 | G228: =_xlfn.XLOOKUP(A228,corr!A:A,corr!I:I) -> 3320.212 | H228: =F228/G228 -> 29.943874 | I228: =_xlfn.XLOOKUP(A228,corr!A:A,corr!E:E,,1) -> 2716.19 | J228: =(_xlfn.XLOOKUP(BTC_ETH_ETFs!A228,MetaPlanet_BTC!A:A,MetaPlanet_BTC!C:C)*F228)/ 1000000 -> 0 | K228: =B228+D228 -> 490.3 | L228: =SUM(K208:K227) -> 15412.2
A229: 45621 | B229: -435.3 | C229: 2.9 | D229: 5400 | E229: =_xlfn.XLOOKUP(A229,GOLD_ETFs!A:A,GOLD_ETFs!F:F) -> 83724704 | F229: =_xlfn.XLOOKUP(A229,spread!A:A,spread!F:F) -> 93714.51 | G229: =_xlfn.XLOOKUP(A229,corr!A:A,corr!I:I) -> 3439.032 | H229: =F229/G229 -> 27.250258 | I229: =_xlfn.XLOOKUP(A229,corr!A:A,corr!E:E,,1) -> 2625.01 | J229: =(_xlfn.XLOOKUP(BTC_ETH_ETFs!A229,MetaPlanet_BTC!A:A,MetaPlanet_BTC!C:C)*F229)/ 1000000 -> 0 | K229: =B229+D229 -> 4964.7 | L229: =SUM(K209:K228) -> 15500.5
A230: 45622 | B230: -122.8 | C230: 40.6 | E230: =_xlfn.XLOOKUP(A230,GOLD_ETFs!A:A,GOLD_ETFs!F:F) -> 83778512 | F230: =_xlfn.XLOOKUP(A230,spread!A:A,spread!F:F) -> 91651.14 | G230: =_xlfn.XLOOKUP(A230,corr!A:A,corr!I:I) -> 3322.708 | H230: =F230/G230 -> 27.583266 | I230: =_xlfn.XLOOKUP(A230,corr!A:A,corr!E:E,,1) -> 2633.15 | J230: =(_xlfn.XLOOKUP(BTC_ETH_ETFs!A230,MetaPlanet_BTC!A:A,MetaPlanet_BTC!C:C)*F230)/ 1000000 -> 0 | K230: =B230+D230 -> -122.8 | L230: =SUM(K210:K229) -> 19985.8
A231: 45623 | B231: 103 | C231: 90.1 | E231: =_xlfn.XLOOKUP(A231,GOLD_ETFs!A:A,GOLD_ETFs!F:F) -> 83684624 | F231: =_xlfn.XLOOKUP(A231,spread!A:A,spread!F:F) -> 96400.51 | G231: =_xlfn.XLOOKUP(A231,corr!A:A,corr!I:I) -> 3637.998 | H231: =F231/G231 -> 26.498231 | I231: =_xlfn.XLOOKUP(A231,corr!A:A,corr!E:E,,1) -> 2636.02 | J231: =(_xlfn.XLOOKUP(BTC_ETH_ETFs!A231,MetaPlanet_BTC!A:A,MetaPlanet_BTC!C:C)*F231)/ 1000000 -> 0 | K231: =B231+D231 -> 103 | L231: =SUM(K211:K230) -> 18992.9
A232: 45624 | B232: 0 | C232: 0 | E232: =_xlfn.XLOOKUP(A232,GOLD_ETFs!A:A,GOLD_ETFs!F:F) -> 83699056 | F232: =_xlfn.XLOOKUP(A232,spread!A:A,spread!F:F) -> 95132.86 | G232: =_xlfn.XLOOKUP(A232,corr!A:A,corr!I:I) -> 3572.833 | H232: =F232/G232 -> 26.62673 | I232: =_xlfn.XLOOKUP(A232,corr!A:A,corr!E:E,,1) -> 2637.92 | J232: =(_xlfn.XLOOKUP(BTC_ETH_ETFs!A232,MetaPlanet_BTC!A:A,MetaPlanet_BTC!C:C)*F232)/ 1000000 -> 0 | K232: =B232+D232 -> 0 | L232: =SUM(K212:K231) -> 18202.6
A233: 45625 | B233: 320 | C233: 332.9 | E233: =_xlfn.XLOOKUP(A233,GOLD_ETFs!A:A,GOLD_ETFs!F:F) -> 83674456 | F233: =_xlfn.XLOOKUP(A233,spread!A:A,spread!F:F) -> 97460.39 | G233: =_xlfn.XLOOKUP(A233,corr!A:A,corr!I:I) -> 3594.055 | H233: =F233/G233 -> 27.117111 | I233: =_xlfn.XLOOKUP(A233,corr!A:A,corr!E:E,,1) -> 2643.15 | J233: =(_xlfn.XLOOKUP(BTC_ETH_ETFs!A233,MetaPlanet_BTC!A:A,MetaPlanet_BTC!C:C)*F233)/ 1000000 -> 0 | K233: =B233+D233 -> 320 | L233: =SUM(K213:K232) -> 18170.3
A234: 45628 | B234: 353.6 | C234: 24.2 | D234: 1500 | E234: =_xlfn.XLOOKUP(A234,GOLD_ETFs!A:A,GOLD_ETFs!F:F) -> 83660384 | F234: =_xlfn.XLOOKUP(A234,spread!A:A,spread!F:F) -> 95419.96 | G234: =_xlfn.XLOOKUP(A234,corr!A:A,corr!I:I) -> 3616.98 | H234: =F234/G234 -> 26.381114 | I234: =_xlfn.XLOOKUP(A234,corr!A:A,corr!E:E,,1) -> 2639.13 | J234: =(_xlfn.XLOOKUP(BTC_ETH_ETFs!A234,MetaPlanet_BTC!A:A,MetaPlanet_BTC!C:C)*F234)/ 1000000 -> 0 | K234: =B234+D234 -> 1853.6 | L234: =SUM(K214:K233) -> 18545.2
A235: 45629 | B235: 676 | C235: 132.6 | E235: =_xlfn.XLOOKUP(A235,GOLD_ETFs!A:A,GOLD_ETFs!F:F) -> 83663008 | F235: =_xlfn.XLOOKUP(A235,spread!A:A,spread!F:F) -> 96086.07 | G235: =_xlfn.XLOOKUP(A235,corr!A:A,corr!I:I) -> 3615.23 | H235: =F235/G235 -> 26.578135 | I235: =_xlfn.XLOOKUP(A235,corr!A:A,corr!E:E,,1) -> 2643.49 | J235: =(_xlfn.XLOOKUP(BTC_ETH_ETFs!A235,MetaPlanet_BTC!A:A,MetaPlanet_BTC!C:C)*F235)/ 1000000 -> 0 | K235: =B235+D235 -> 676 | L235: =SUM(K215:K234) -> 20939.9
A236: 45630 | B236: 556.8 | C236: 167.7 | E236: =_xlfn.XLOOKUP(A236,GOLD_ETFs!A:A,GOLD_ETFs!F:F) -> 83436480 | F236: =_xlfn.XLOOKUP(A236,spread!A:A,spread!F:F) -> 97876.14 | G236: =_xlfn.XLOOKUP(A236,corr!A:A,corr!I:I) -> 3844.571 | H236: =F236/G236 -> 25.458273 | I236: =_xlfn.XLOOKUP(A236,corr!A:A,corr!E:E,,1) -> 2649.9 | J236: =(_xlfn.XLOOKUP(BTC_ETH_ETFs!A236,MetaPlanet_BTC!A:A,MetaPlanet_BTC!C:C)*F236)/ 1000000 -> 0 | K236: =B236+D236 -> 556.8 | L236: =SUM(K216:K235) -> 21732.7
A237: 45631 | B237: 766.7 | C237: 428.5 | E237: =_xlfn.XLOOKUP(A237,GOLD_ETFs!A:A,GOLD_ETFs!F:F) -> 83555528 | F237: =_xlfn.XLOOKUP(A237,spread!A:A,spread!F:F) -> 99029.87 | G237: =_xlfn.XLOOKUP(A237,corr!A:A,corr!I:I) -> 3860 | H237: =F237/G237 -> 25.655407 | I237: =_xlfn.XLOOKUP(A237,corr!A:A,corr!E:E,,1) -> 2631.67 | J237: =(_xlfn.XLOOKUP(BTC_ETH_ETFs!A237,MetaPlanet_BTC!A:A,MetaPlanet_BTC!C:C)*F237)/ 1000000 -> 0 | K237: =B237+D237 -> 766.7 | L237: =SUM(K217:K236) -> 21667.6
A238: 45632 | B238: 376.6 | C238: 83.8 | E238: =_xlfn.XLOOKUP(A238,GOLD_ETFs!A:A,GOLD_ETFs!F:F) -> 83499408 | F238: =_xlfn.XLOOKUP(A238,spread!A:A,spread!F:F) -> 100566.11 | G238: =_xlfn.XLOOKUP(A238,corr!A:A,corr!I:I) -> 4029.446 | H238: =F238/G238 -> 24.957801 | I238: =_xlfn.XLOOKUP(A238,corr!A:A,corr!E:E,,1) -> 2633.37 | J238: =(_xlfn.XLOOKUP(BTC_ETH_ETFs!A238,MetaPlanet_BTC!A:A,MetaPlanet_BTC!C:C)*F238)/ 1000000 -> 0 | K238: =B238+D238 -> 376.6 | L238: =SUM(K218:K237) -> 21060.5
A239: 45635 | B239: 479.1 | C239: 149.8 | D239: 2100 | E239: =_xlfn.XLOOKUP(A239,GOLD_ETFs!A:A,GOLD_ETFs!F:F) -> 83477416 | F239: =_xlfn.XLOOKUP(A239,spread!A:A,spread!F:F) -> 96935.04 | G239: =_xlfn.XLOOKUP(A239,corr!A:A,corr!I:I) -> 3700.578 | H239: =F239/G239 -> 26.194567 | I239: =_xlfn.XLOOKUP(A239,corr!A:A,corr!E:E,,1) -> 2660.3 | J239: =(_xlfn.XLOOKUP(BTC_ETH_ETFs!A239,MetaPlanet_BTC!A:A,MetaPlanet_BTC!C:C)*F239)/ 1000000 -> 0 | K239: =B239+D239 -> 2579.1 | L239: =SUM(K219:K238) -> 21143.7
A240: 45636 | B240: 438.5 | C240: 305.7 | E240: =_xlfn.XLOOKUP(A240,GOLD_ETFs!A:A,GOLD_ETFs!F:F) -> 83514904 | F240: =_xlfn.XLOOKUP(A240,spread!A:A,spread!F:F) -> 96911.36 | G240: =_xlfn.XLOOKUP(A240,corr!A:A,corr!I:I) -> 3641.255 | H240: =F240/G240 -> 26.614824 | I240: =_xlfn.XLOOKUP(A240,corr!A:A,corr!E:E,,1) -> 2694.25 | J240: =(_xlfn.XLOOKUP(BTC_ETH_ETFs!A240,MetaPlanet_BTC!A:A,MetaPlanet_BTC!C:C)*F240)/ 1000000 -> 0 | K240: =B240+D240 -> 438.5 | L240: =SUM(K220:K239) -> 20583.7
A241: 45637 | B241: 223.1 | C241: 102 | E241: =_xlfn.XLOOKUP(A241,GOLD_ETFs!A:A,GOLD_ETFs!F:F) -> 83531952 | F241: =_xlfn.XLOOKUP(A241,spread!A:A,spread!F:F) -> 101612.51 | G241: =_xlfn.XLOOKUP(A241,corr!A:A,corr!I:I) -> 3832.265 | H241: =F241/G241 -> 26.515001 | I241: =_xlfn.XLOOKUP(A241,corr!A:A,corr!E:E,,1) -> 2718.23 | J241: =(_xlfn.XLOOKUP(BTC_ETH_ETFs!A241,MetaPlanet_BTC!A:A,MetaPlanet_BTC!C:C)*F241)/ 1000000 -> 0 | K241: =B241+D241 -> 223.1 | L241: =SUM(K221:K240) -> 20204.7
A242: 45638 | B242: 597.5 | C242: 273.7 | E242: =_xlfn.XLOOKUP(A242,GOLD_ETFs!A:A,GOLD_ETFs!F:F) -> 83626464 | F242: =_xlfn.XLOOKUP(A242,spread!A:A,spread!F:F) -> 99787.04 | G242: =_xlfn.XLOOKUP(A242,corr!A:A,corr!I:I) -> 3866.9 | H242: =F242/G242 -> 25.805436 | I242: =_xlfn.XLOOKUP(A242,corr!A:A,corr!E:E,,1) -> 2680.73 | J242: =(_xlfn.XLOOKUP(BTC_ETH_ETFs!A242,MetaPlanet_BTC!A:A,MetaPlanet_BTC!C:C)*F242)/ 1000000 -> 0 | K242: =B242+D242 -> 597.5 | L242: =SUM(K222:K241) -> 19917.7
A243: 45639 | B243: 428.9 | C243: 23.6 | E243: =_xlfn.XLOOKUP(A243,GOLD_ETFs!A:A,GOLD_ETFs!F:F) -> 83478480 | F243: =_xlfn.XLOOKUP(A243,spread!A:A,spread!F:F) -> 101342.01 | G243: =_xlfn.XLOOKUP(A243,corr!A:A,corr!I:I) -> 3903.395 | H243: =F243/G243 -> 25.96253 | I243: =_xlfn.XLOOKUP(A243,corr!A:A,corr!E:E,,1) -> 2648.23 | J243: =(_xlfn.XLOOKUP(BTC_ETH_ETFs!A243,MetaPlanet_BTC!A:A,MetaPlanet_BTC!C:C)*F243)/ 1000000 -> 0 | K243: =B243+D243 -> 428.9 | L243: =SUM(K223:K242) -> 20915.9
A244: 45642 | B244: 636.9 | C244: 51.1 | D244: 1500 | E244: =_xlfn.XLOOKUP(A244,GOLD_ETFs!A:A,GOLD_ETFs!F:F) -> 83206400 | F244: =_xlfn.XLOOKUP(A244,spread!A:A,spread!F:F) -> 106075.01 | G244: =_xlfn.XLOOKUP(A244,corr!A:A,corr!I:I) -> 4048.186 | H244: =F244/G244 -> 26.203097 | I244: =_xlfn.XLOOKUP(A244,corr!A:A,corr!E:E,,1) -> 2652.72 | J244: =(_xlfn.XLOOKUP(BTC_ETH_ETFs!A244,MetaPlanet_BTC!A:A,MetaPlanet_BTC!C:C)*F244)/ 1000000 -> 0 | K244: =B244+D244 -> 2136.9 | L244: =SUM(K224:K243) -> 21714.8
A245: 45643 | B245: 493.9 | C245: 144.7 | E245: =_xlfn.XLOOKUP(A245,GOLD_ETFs!A:A,GOLD_ETFs!F:F) -> 83178176 | F245: =_xlfn.XLOOKUP(A245,spread!A:A,spread!F:F) -> 106407.51 | G245: =_xlfn.XLOOKUP(A245,corr!A:A,corr!I:I) -> 3931.555 | H245: =F245/G245 -> 27.064993 | I245: =_xlfn.XLOOKUP(A245,corr!A:A,corr!E:E,,1) -> 2646.83 | J245: =(_xlfn.XLOOKUP(BTC_ETH_ETFs!A245,MetaPlanet_BTC!A:A,MetaPlanet_BTC!C:C)*F245)/ 1000000 -> 0 | K245: =B245+D245 -> 493.9 | L245: =SUM(K225:K244) -> 18996.9
A246: 45644 | B246: 275.3 | C246: 2.5 | E246: =_xlfn.XLOOKUP(A246,GOLD_ETFs!A:A,GOLD_ETFs!F:F) -> 83229000 | F246: =_xlfn.XLOOKUP(A246,spread!A:A,spread!F:F) -> 100950.51 | G246: =_xlfn.XLOOKUP(A246,corr!A:A,corr!I:I) -> 3690.157 | H246: =F246/G246 -> 27.356698 | I246: =_xlfn.XLOOKUP(A246,corr!A:A,corr!E:E,,1) -> 2585.35 | J246: =(_xlfn.XLOOKUP(BTC_ETH_ETFs!A246,MetaPlanet_BTC!A:A,MetaPlanet_BTC!C:C)*F246)/ 1000000 -> 0 | K246: =B246+D246 -> 275.3 | L246: =SUM(K226:K245) -> 18661.3
...

Sheet BTC_Drawdown
A1: Date | B1: snapped_at.2 | C1: BTC Spot | D1: market_cap | E1: total_volume
A2: 41392 | B2: 00:00:00 UTC | C2: 135.3 | D2: 1500517590 | E2: 0
A3: 41393 | B3: 00:00:00 UTC | C3: 141.96 | D3: 1575032004 | E3: 0
A4: 41394 | B4: 00:00:00 UTC | C4: 135.3 | D4: 1501657493 | E4: 0
A5: 41395 | B5: 00:00:00 UTC | C5: 117 | D5: 1298951550 | E5: 0
A6: 41396 | B6: 00:00:00 UTC | C6: 103.43 | D6: 1148667722 | E6: 0
A7: 41397 | B7: 00:00:00 UTC | C7: 91.01 | D7: 1011066494 | E7: 0
A8: 41398 | B8: 00:00:00 UTC | C8: 111.25 | D8: 1236351844 | E8: 0
A9: 41399 | B9: 00:00:00 UTC | C9: 116.79 | D9: 1298377788 | E9: 0
A10: 41400 | B10: 00:00:00 UTC | C10: 118.33 | D10: 1315992304 | E10: 0
A11: 41401 | B11: 00:00:00 UTC | C11: 106.4 | D11: 1183766500 | E11: 0
A12: 41402 | B12: 00:00:00 UTC | C12: 112.64 | D12: 1253655040 | E12: 0
A13: 41403 | B13: 00:00:00 UTC | C13: 113 | D13: 1258130700 | E13: 0
... A4667: 46059 | B4667: 00:00:00 UTC | C4667: 62853.69 | D4667: 1262033077145 | E4667: 142403234254

Sheet MetaPlanet_BTC
A1: x | B1: y | C1: MetaPlanet Purchases (in BTC)
A2: 45390 | B2: 0
A3: 45405 | B3: 97.85 | C3: =B3-B2 -> 97.85
A4: 45406 | B4: 97.85 | C4: =B4-B3 -> 0
A5: 45407 | B5: 97.85 | C5: =B5-B4 -> 0
A6: 45408 | B6: 97.85 | C6: =B6-B5 -> 0
A7: 45409 | B7: 97.85 | C7: =B7-B6 -> 0
A8: 45410 | B8: 97.85 | C8: =B8-B7 -> 0
A9: 45411 | B9: 97.85 | C9: =B9-B8 -> 0
A10: 45412 | B10: 97.85 | C10: =B10-B9 -> 0
A11: 45413 | B11: 97.85 | C11: =B11-B10 -> 0
A12: 45414 | B12: 97.85 | C12: =B12-B11 -> 0
A13: 45415 | B13: 97.85 | C13: =B13-B12 -> 0
A14: 45416 | B14: 97.85 | C14: =B14-B13 -> 0
... A641: 46043 | B641: 35102.005 | C641: =B641-B640 -> 0

Sheet Table1
A1: Date | B1: Reported.2 | C1: BTC Acq | D1: Avg BTC Cost | E1: Acq Cost ($M) | F1: BTC Holdings
A2: 08/10/2020 | B2: 00:00:00 | C2: ₿21,454 | D2: $11,652 | E2: $250 | F2: ₿21,454
A3: 9/14/2020 | C3: ₿16,796 | D3: $10,419 | E3: $175 | F3: ₿38,250
A4: 12/04/2020 | B4: 00:00:00 | C4: ₿2,574 | D4: $19,427 | E4: $50 | F4: ₿40,824
A5: 12/21/2020 | C5: ₿29,646 | D5: $21,925 | E5: $650 | F5: ₿70,470
A6: 1/22/2021 | C6: ₿314 | D6: $31,808 | E6: $10 | F6: ₿70,784
A7: 02/02/2021 | B7: 00:00:00 | C7: ₿295 | D7: $33,810 | E7: $10 | F7: ₿71,079
A8: 2/19/2021 | C8: ₿19,452 | D8: $52,765 | E8: $1,023 | F8: ₿90,531
A9: 03/01/2021 | B9: 00:00:00 | C9: ₿328 | D9: $45,710 | E9: $15 | F9: ₿90,859
A10: 03/05/2021 | B10: 00:00:00 | C10: ₿205 | D10: $48,888 | E10: $10 | F10: ₿91,064
A11: 03/12/2021 | B11: 00:00:00 | C11: ₿262 | D11: $57,146 | E11: $15 | F11: ₿91,326
A12: 04/05/2021 | B12: 00:00:00 | C12: ₿253 | D12: $59,339 | E12: $15 | F12: ₿91,579
A13: 5/13/2021 | C13: ₿271 | D13: $55,387 | E13: $15 | F13: ₿91,850
A14: 5/18/2021 | C14: ₿229 | D14: $43,663 | E14: $10 | F14: ₿92,079
A15: 6/21/2021 | C15: ₿13,005 | D15: $37,617 | E15: $489 | F15: ₿105,084
A16: 8/24/2021 | C16: ₿3,907 | D16: $45,294 | E16: $177 | F16: ₿108,991
A17: 9/13/2021 | C17: ₿5,050 | D17: $48,099 | E17: $242 | F17: ₿114,041
A18: 11/29/2021 | C18: ₿7,002 | D18: $59,187 | E18: $414 | F18: ₿121,043
A19: 12/09/2021 | B19: 00:00:00 | C19: ₿1,434 | D19: $57,477 | E19: $82 | F19: ₿122,477
A20: 12/30/2021 | C20: ₿1,914 | D20: $49,229 | E20: $94 | F20: ₿124,391
A21: 02/01/2022 | B21: 00:00:00 | C21: ₿660 | D21: $37,865 | E21: $25 | F21: ₿125,051
A22: 04/05/2022 | B22: 00:00:00 | C22: ₿4,167 | D22: $45,714 | E22: $190 | F22: ₿129,218
A23: 6/29/2022 | C23: ₿480 | D23: $20,817 | E23: $10 | F23: ₿129,698
A24: 9/20/2022 | C24: ₿301 | D24: $19,851 | E24: $6 | F24: ₿129,999
A25: 12/28/2022 | C25: ₿2,501 | D25: $17,847 | E25: $45 | F25: ₿132,500
A26: 3/23/2023 | C26: ₿6,455 | D26: $23,238 | E26: $150 | F26: ₿138,955
A27: 04/05/2023 | B27: 00:00:00 | C27: ₿1,045 | D27: $28,016 | E27: $29 | F27: ₿140,000
A28: 6/28/2023 | C28: ₿12,333 | D28: $28,136 | E28: $347 | F28: ₿152,333
A29: 08/01/2023 | B29: 00:00:00 | C29: ₿467 | D29: $30,788 | E29: $14 | F29: ₿152,800
A30: 9/25/2023 | C30: ₿5,445 | D30: $27,053 | E30: $147 | F30: ₿158,245
A31: 11/01/2023 | B31: 00:00:00 | C31: ₿155 | D31: $34,495 | E31: $5 | F31: ₿158,400
A32: 11/30/2023 | C32: ₿16,130 | D32: $36,785 | E32: $593 | F32: ₿174,530
A33: 12/27/2023 | C33: ₿14,620 | D33: $42,110 | E33: $616 | F33: ₿189,150
A34: 02/06/2024 | B34: 00:00:00 | C34: ₿850 | D34: $43,723 | E34: $37 | F34: ₿190,000
A35: 2/26/2024 | C35: ₿3,000 | D35: $51,813 | E35: $155 | F35: ₿193,000
A36: 03/11/2024 | B36: 00:00:00 | C36: ₿12,000 | D36: $68,477 | E36: $822 | F36: ₿205,000
A37: 3/19/2024 | C37: ₿9,245 | D37: $67,382 | E37: $623 | F37: ₿214,245
A38: 4/29/2024 | C38: ₿155 | D38: $63,397 | E38: $10 | F38: ₿214,400
A39: 6/20/2024 | C39: ₿11,931 | D39: $65,883 | E39: $786 | F39: ₿226,331
A40: 08/01/2024 | B40: 00:00:00 | C40: ₿169 | D40: $67,455 | E40: $11 | F40: ₿226,500
A41: 9/13/2024 | C41: ₿18,300 | D41: $60,408 | E41: $1,110 | F41: ₿244,800
A42: 9/20/2024 | C42: ₿7,420 | D42: $61,750 | E42: $458 | F42: ₿252,220
A43: 11/11/2024 | B43: 00:00:00 | C43: ₿27,200 | D43: $74,463 | E43: $2,025 | F43: ₿279,420
A44: 11/18/2024 | C44: ₿51,780 | D44: $88,627 | E44: $4,600 | F44: ₿331,200
A45: 11/25/2024 | C45: ₿55,500 | D45: $97,862 | E45: $5,400 | F45: ₿386,700
A46: 12/02/2024 | B46: 00:00:00 | C46: ₿15,400 | D46: $95,976 | E46: $1,500 | F46: ₿402,100
A47: 12/09/2024 | B47: 00:00:00 | C47: ₿21,550 | D47: $98,783 | E47: $2,100 | F47: ₿423,650
A48: 12/16/2024 | C48: ₿15,350 | D48: $100,386 | E48: $1,500 | F48: ₿439,000
A49: 12/23/2024 | C49: ₿5,262 | D49: $106,662 | E49: $561 | F49: ₿444,262
A50: 12/30/2024 | C50: ₿2,138 | D50: $97,837 | E50: $209 | F50: ₿446,400
A51: 01/06/2025 | B51: 00:00:00 | C51: ₿1,070 | D51: $94,004 | E51: $101 | F51: ₿447,470
A52: 1/13/2025 | C52: ₿2,530 | D52: $95,972 | E52: $243 | F52: ₿450,000
A53: 1/21/2025 | C53: ₿11,000 | D53: $101,191 | E53: $1,100 | F53: ₿461,000
A54: 1/27/2025 | C54: ₿10,107 | D54: $105,596 | E54: $1,100 | F54: ₿471,107
A55: 02/10/2025 | B55: 00:00:00 | C55: ₿7,633 | D55: $97,255 | E55: $742 | F55: ₿478,740
A56: 2/24/2025 | C56: ₿20,356 | D56: $97,514 | E56: $1,985 | F56: ₿499,096
A57: 3/17/2025 | C57: ₿130 | D57: $82,981 | E57: $11 | F57: ₿499,226
A58: 3/24/2025 | C58: ₿6,911 | D58: $84,529 | E58: $584 | F58: ₿506,137
A59: 3/31/2025 | C59: ₿22,048 | D59: $86,969 | E59: $1,918 | F59: ₿528,185
A60: 4/14/2025 | C60: ₿3,459 | D60: $82,618 | E60: $286 | F60: ₿531,644
A61: 4/21/2025 | C61: ₿6,556 | D61: $84,785 | E61: $556 | F61: ₿538,200
A62: 4/28/2025 | C62: ₿15,355 | D62: $92,737 | E62: $1,424 | F62: ₿553,555
A63: 05/05/2025 | B63: 00:00:00 | C63: ₿1,895 | D63: $95,167 | E63: $180 | F63: ₿555,450
A64: 05/12/2025 | B64: 00:00:00 | C64: ₿13,390 | D64: $99,856 | E64: $1,337 | F64: ₿568,840
A65: 5/19/2025 | C65: ₿7,390 | D65: $103,498 | E65: $765 | F65: ₿576,230
A66: 5/26/2025 | C66: ₿4,020 | D66: $106,237 | E66: $427 | F66: ₿580,250
A67: 06/02/2025 | B67: 00:00:00 | C67: ₿705 | D67: $106,495 | E67: $75 | F67: ₿580,955
A68: 06/09/2025 | B68: 00:00:00 | C68: ₿1,045 | D68: $105,426 | E68: $110 | F68: ₿582,000
A69: 6/16/2025 | C69: ₿10,100 | D69: $104,080 | E69: $1,051 | F69: ₿592,100
A70: 6/23/2025 | C70: ₿245 | D70: $105,856 | E70: $26 | F70: ₿592,345
A71: 6/30/2025 | C71: ₿4,980 | D71: $106,801 | E71: $532 | F71: ₿597,325
A72: 7/14/2025 | C72: ₿4,225 | D72: $111,827 | E72: $472 | F72: ₿601,550
A73: 7/21/2025 | C73: ₿6,220 | D73: $118,940 | E73: $740 | F73: ₿607,770
A74: 7/29/2025 | C74: ₿21,021 | D74: $117,256 | E74: $2,465 | F74: ₿628,791
A75: 08/11/2025 | B75: 00:00:00 | C75: ₿155 | D75: $116,401 | E75: $18 | F75: ₿628,946
A76: 8/18/2025 | C76: ₿430 | D76: $119,666 | E76: $51 | F76: ₿629,376
A77: 8/25/2025 | C77: ₿3,081 | D77: $115,829 | E77: $357 | F77: ₿632,457
A78: 09/02/2025 | B78: 00:00:00 | C78: ₿4,048 | D78: $110,981 | E78: $449 | F78: ₿636,505
A79: 09/08/2025 | B79: 00:00:00 | C79: ₿1,955 | D79: $111,196 | E79: $217 | F79: ₿638,460
A80: 9/15/2025 | C80: ₿525 | D80: $114,562 | E80: $60 | F80: ₿638,985
A81: 9/22/2025 | C81: ₿850 | D81: $117,344 | E81: $100 | F81: ₿639,835
A82: 9/29/2025 | C82: ₿196 | D82: $113,048 | E82: $22 | F82: ₿640,031
A83: 10/13/2025 | C83: ₿220 | D83: $123,561 | E83: $27 | F83: ₿640,250
A84: 10/20/2025 | C84: ₿168 | D84: $112,051 | E84: $19 | F84: ₿640,418
A85: 10/27/2025 | C85: ₿390 | D85: $111,053 | E85: $43 | F85: ₿640,808
A86: 11/03/2025 | B86: 00:00:00 | C86: ₿397 | D86: $114,771 | E86: $46 | F86: ₿641,205
A87: 11/10/2025 | B87: 00:00:00 | C87: ₿487 | D87: $102,557 | E87: $50 | F87: ₿641,692
A88: 11/17/2025 | C88: ₿8,178 | D88: $102,171 | E88: $836 | F88: ₿649,870

Sheet Sheet3
A1: Reported | B1: BTC Acq | C1: Avg BTC Cost | D1: Acq Cost ($M) | E1: BTC Holdings
A2: 44112 | B2: ₿21,454 | C2: $11,652 | D2: $250 | E2: ₿21,454
A3: 9/14/2020 | B3: ₿16,796 | C3: $10,419 | D3: $175 | E3: ₿38,250
A4: 43933 | B4: ₿2,574 | C4: $19,427 | D4: $50 | E4: ₿40,824
A5: 12/21/2020 | B5: ₿29,646 | C5: $21,925 | D5: $650 | E5: ₿70,470
A6: 1/22/2021 | B6: ₿314 | C6: $31,808 | D6: $10 | E6: ₿70,784
A7: 44229 | B7: ₿295 | C7: $33,810 | D7: $10 | E7: ₿71,079
A8: 2/19/2021 | B8: ₿19,452 | C8: $52,765 | D8: $1,023 | E8: ₿90,531
A9: 44199 | B9: ₿328 | C9: $45,710 | D9: $15 | E9: ₿90,859
A10: 44319 | B10: ₿205 | C10: $48,888 | D10: $10 | E10: ₿91,064
A11: 44533 | B11: ₿262 | C11: $57,146 | D11: $15 | E11: ₿91,326
A12: 44320 | B12: ₿253 | C12: $59,339 | D12: $15 | E12: ₿91,579
A13: 5/13/2021 | B13: ₿271 | C13: $55,387 | D13: $15 | E13: ₿91,850
A14: 5/18/2021 | B14: ₿229 | C14: $43,663 | D14: $10 | E14: ₿92,079
A15: 6/21/2021 | B15: ₿13,005 | C15: $37,617 | D15: $489 | E15: ₿105,084
A16: 8/24/2021 | B16: ₿3,907 | C16: $45,294 | D16: $177 | E16: ₿108,991
A17: 9/13/2021 | B17: ₿5,050 | C17: $48,099 | D17: $242 | E17: ₿114,041
A18: 11/29/2021 | B18: ₿7,002 | C18: $59,187 | D18: $414 | E18: ₿121,043
A19: 44451 | B19: ₿1,434 | C19: $57,477 | D19: $82 | E19: ₿122,477
A20: 12/30/2021 | B20: ₿1,914 | C20: $49,229 | D20: $94 | E20: ₿124,391
A21: 44563 | B21: ₿660 | C21: $37,865 | D21: $25 | E21: ₿125,051
A22: 44685 | B22: ₿4,167 | C22: $45,714 | D22: $190 | E22: ₿129,218
A23: 6/29/2022 | B23: ₿480 | C23: $20,817 | D23: $10 | E23: ₿129,698
A24: 9/20/2022 | B24: ₿301 | C24: $19,851 | D24: $6 | E24: ₿129,999
A25: 12/28/2022 | B25: ₿2,501 | C25: $17,847 | D25: $45 | E25: ₿132,500
A26: 3/23/2023 | B26: ₿6,455 | C26: $23,238 | D26: $150 | E26: ₿138,955
A27: 45050 | B27: ₿1,045 | C27: $28,016 | D27: $29 | E27: ₿140,000
A28: 6/28/2023 | B28: ₿12,333 | C28: $28,136 | D28: $347 | E28: ₿152,333
A29: 44934 | B29: ₿467 | C29: $30,788 | D29: $14 | E29: ₿152,800
A30: 9/25/2023 | B30: ₿5,445 | C30: $27,053 | D30: $147 | E30: ₿158,245
A31: 44937 | B31: ₿155 | C31: $34,495 | D31: $5 | E31: ₿158,400
A32: 11/30/2023 | B32: ₿16,130 | C32: $36,785 | D32: $593 | E32: ₿174,530
A33: 12/27/2023 | B33: ₿14,620 | C33: $42,110 | D33: $616 | E33: ₿189,150
A34: 45445 | B34: ₿850 | C34: $43,723 | D34: $37 | E34: ₿190,000
A35: 2/26/2024 | B35: ₿3,000 | C35: $51,813 | D35: $155 | E35: ₿193,000
A36: 45599 | B36: ₿12,000 | C36: $68,477 | D36: $822 | E36: ₿205,000
A37: 3/19/2024 | B37: ₿9,245 | C37: $67,382 | D37: $623 | E37: ₿214,245
A38: 4/29/2024 | B38: ₿155 | C38: $63,397 | D38: $10 | E38: ₿214,400
A39: 6/20/2024 | B39: ₿11,931 | C39: $65,883 | D39: $786 | E39: ₿226,331
A40: 45299 | B40: ₿169 | C40: $67,455 | D40: $11 | E40: ₿226,500
A41: 9/13/2024 | B41: ₿18,300 | C41: $60,408 | D41: $1,110 | E41: ₿244,800
A42: 9/20/2024 | B42: ₿7,420 | C42: $61,750 | D42: $458 | E42: ₿252,220
A43: 45607 | B43: ₿27,200 | C43: $74,463 | D43: $2,025 | E43: ₿279,420
A44: 11/18/2024 | B44: ₿51,780 | C44: $88,627 | D44: $4,600 | E44: ₿331,200
A45: 11/25/2024 | B45: ₿55,500 | C45: $97,862 | D45: $5,400 | E45: ₿386,700
A46: 45334 | B46: ₿15,400 | C46: $95,976 | D46: $1,500 | E46: ₿402,100
A47: 45547 | B47: ₿21,550 | C47: $98,783 | D47: $2,100 | E47: ₿423,650
A48: 12/16/2024 | B48: ₿15,350 | C48: $100,386 | D48: $1,500 | E48: ₿439,000
A49: 12/23/2024 | B49: ₿5,262 | C49: $106,662 | D49: $561 | E49: ₿444,262
A50: 12/30/2024 | B50: ₿2,138 | C50: $97,837 | D50: $209 | E50: ₿446,400
A51: 45809 | B51: ₿1,070 | C51: $94,004 | D51: $101 | E51: ₿447,470
A52: 1/13/2025 | B52: ₿2,530 | C52: $95,972 | D52: $243 | E52: ₿450,000
A53: 1/21/2025 | B53: ₿11,000 | C53: $101,191 | D53: $1,100 | E53: ₿461,000
A54: 1/27/2025 | B54: ₿10,107 | C54: $105,596 | D54: $1,100 | E54: ₿471,107
A55: 45932 | B55: ₿7,633 | C55: $97,255 | D55: $742 | E55: ₿478,740
A56: 2/24/2025 | B56: ₿20,356 | C56: $97,514 | D56: $1,985 | E56: ₿499,096
A57: 3/17/2025 | B57: ₿130 | C57: $82,981 | D57: $11 | E57: ₿499,226
A58: 3/24/2025 | B58: ₿6,911 | C58: $84,529 | D58: $584 | E58: ₿506,137
A59: 3/31/2025 | B59: ₿22,048 | C59: $86,969 | D59: $1,918 | E59: ₿528,185
A60: 4/14/2025 | B60: ₿3,459 | C60: $82,618 | D60: $286 | E60: ₿531,644
A61: 4/21/2025 | B61: ₿6,556 | C61: $84,785 | D61: $556 | E61: ₿538,200
A62: 4/28/2025 | B62: ₿15,355 | C62: $92,737 | D62: $1,424 | E62: ₿553,555
A63: 45782 | B63: ₿1,895 | C63: $95,167 | D63: $180 | E63: ₿555,450
A64: 45996 | B64: ₿13,390 | C64: $99,856 | D64: $1,337 | E64: ₿568,840
A65: 5/19/2025 | B65: ₿7,390 | C65: $103,498 | D65: $765 | E65: ₿576,230
A66: 5/26/2025 | B66: ₿4,020 | C66: $106,237 | D66: $427 | E66: ₿580,250
A67: 45694 | B67: ₿705 | C67: $106,495 | D67: $75 | E67: ₿580,955
A68: 45906 | B68: ₿1,045 | C68: $105,426 | D68: $110 | E68: ₿582,000
A69: 6/16/2025 | B69: ₿10,100 | C69: $104,080 | D69: $1,051 | E69: ₿592,100
A70: 6/23/2025 | B70: ₿245 | C70: $105,856 | D70: $26 | E70: ₿592,345
A71: 6/30/2025 | B71: ₿4,980 | C71: $106,801 | D71: $532 | E71: ₿597,325
A72: 7/14/2025 | B72: ₿4,225 | C72: $111,827 | D72: $472 | E72: ₿601,550
A73: 7/21/2025 | B73: ₿6,220 | C73: $118,940 | D73: $740 | E73: ₿607,770
A74: 7/29/2025 | B74: ₿21,021 | C74: $117,256 | D74: $2,465 | E74: ₿628,791
A75: 45969 | B75: ₿155 | C75: $116,401 | D75: $18 | E75: ₿628,946
A76: 8/18/2025 | B76: ₿430 | C76: $119,666 | D76: $51 | E76: ₿629,376
A77: 8/25/2025 | B77: ₿3,081 | C77: $115,829 | D77: $357 | E77: ₿632,457
A78: 45697 | B78: ₿4,048 | C78: $110,981 | D78: $449 | E78: ₿636,505
A79: 45878 | B79: ₿1,955 | C79: $111,196 | D79: $217 | E79: ₿638,460
A80: 9/15/2025 | B80: ₿525 | C80: $114,562 | D80: $60 | E80: ₿638,985
A81: 9/22/2025 | B81: ₿850 | C81: $117,344 | D81: $100 | E81: ₿639,835
A82: 9/29/2025 | B82: ₿196 | C82: $113,048 | D82: $22 | E82: ₿640,031
A83: 10/13/2025 | B83: ₿220 | C83: $123,561 | D83: $27 | E83: ₿640,250
A84: 10/20/2025 | B84: ₿168 | C84: $112,051 | D84: $19 | E84: ₿640,418
A85: 10/27/2025 | B85: ₿390 | C85: $111,053 | D85: $43 | E85: ₿640,808
A86: 45727 | B86: ₿397 | C86: $114,771 | D86: $46 | E86: ₿641,205
A87: 45941 | B87: ₿487 | C87: $102,557 | D87: $50 | E87: ₿641,692
A88: 11/17/2025 | B88: ₿8,178 | C88: $102,171 | D88: $836 | E88: ₿649,870

Sheet Sheet1
A1: Date | B1: Shanghai Gold Warrants
A2: 39793 | B2: 162
A3: 39794 | B3: 222
A4: 39797 | B4: 222
A5: 39798 | B5: 504
A6: 39799 | B6: 504
A7: 39800 | B7: 504
A8: 39801 | B8: 504
A9: 39804 | B9: 504
A10: 39805 | B10: 504
A11: 39806 | B11: 504
A12: 39807 | B12: 24
A13: 39808 | B13: 24
... A4098: 45965 | B4098: 87816

Sheet cny_bond
A1: Date | B1: USDCNY | C1: USDCNH | D1: CNYUSD | E1: CNHUSD | F1: BTC Spot | G1: US 2Y Minus China 2Y
A2: 40182 | B2: 6.8273 | D2: 0.14648 | G2: 2.75165
A3: 40183 | B3: 6.8272 | D3: 0.14647 | G3: 2.75285
A4: 40184 | B4: 6.8274 | D4: 0.14647 | G4: 2.82947
A5: 40185 | B5: 6.8275 | D5: 0.14646 | G5: 2.79955
A6: 40186 | B6: 6.8276 | D6: 0.14646 | G6: 2.85384
A7: 40189 | B7: 6.8263 | D7: 0.14646 | G7: 2.88237
A8: 40190 | B8: 6.8271 | D8: 0.14648 | G8: 2.80739
A9: 40191 | B9: 6.8267 | D9: 0.14647 | G9: 2.83117
A10: 40192 | B10: 6.8272 | D10: 0.14648 | G10: 2.81892
A11: 40193 | B11: 6.827 | D11: 0.14648 | G11: 2.81229
A12: 40196 | B12: 6.8269 | D12: 0.14649 | G12: 2.81229
A13: 40197 | B13: 6.8277 | D13: 0.14647 | G13: 2.80569
... A31: 40221 | B31: 6.8334 | D31: 0.14634 | G31: 2.86625
A32: 40224 | D32: 0.14648 | G32: 2.86625
A33: 40225 | D33: 0.14637 | G33: 2.8547
A34: 40226 | D34: 0.1465 | G34: 2.8881
A35: 40227 | D35: 0.14647 | G35: 2.87752
A36: 40228 | D36: 0.14641 | G36: 2.85692
A37: 40231 | B37: 6.8265 | D37: 0.14649 | G37: 2.91244
A38: 40232 | B38: 6.8265 | D38: 0.14646 | G38: 2.85739
A39: 40233 | B39: 6.827 | D39: 0.14648 | G39: 2.83176
A40: 40234 | B40: 6.8268 | D40: 0.14649 | G40: 2.81274
A41: 40235 | B41: 6.8261 | D41: 0.1465 | G41: 2.79991
A42: 40238 | B42: 6.8263 | D42: 0.1465 | G42: 2.81204
A43: 40239 | B43: 6.8266 | D43: 0.14648 | G43: 2.81629
A44: 40240 | B44: 6.8258 | D44: 0.1465 | G44: 2.81371
A45: 40241 | B45: 6.8265 | D45: 0.14649 | G45: 2.7511
A46: 40242 | B46: 6.8265 | D46: 0.14649 | G46: 2.78868
A47: 40245 | B47: 6.8264 | D47: 0.14649 | G47: 2.82475
A48: 40246 | B48: 6.8264 | D48: 0.1465 | G48: 2.83355
... A66: 40270 | B66: 6.8257 | D66: 0.14651 | G66: 2.8127
A67: 40273 | D67: 0.14651 | G67: 2.81783
A68: 40274 | B68: 6.8258 | D68: 0.1465 | G68: 2.81457
A69: 40275 | B69: 6.8254 | D69: 0.1465 | G69: 2.8051
A70: 40276 | B70: 6.8243 | D70: 0.14653 | G70: 2.82601
A71: 40277 | B71: 6.8236 | D71: 0.14654 | G71: 2.82618
A72: 40280 | B72: 6.8258 | D72: 0.14651 | G72: 2.8095
A73: 40281 | B73: 6.8256 | D73: 0.1465 | G73: 2.77202
A74: 40282 | B74: 6.8258 | D74: 0.1465 | G74: 2.81084
A75: 40283 | B75: 6.8261 | D75: 0.1465 | G75: 2.82407
A76: 40284 | B76: 6.8255 | D76: 0.1465 | G76: 2.81129
A77: 40287 | B77: 6.8275 | D77: 0.1465 | G77: 2.82182
A78: 40288 | B78: 6.8254 | D78: 0.14649 | G78: 2.79127
A79: 40289 | B79: 6.8276 | D79: 0.14648 | G79: 2.74386
... A141: 40375 | B141: 6.7747 | D141: 0.1476 | G141: 2.33691
A142: 40378 | B142: 6.7787 | D142: 0.14754 | F142: 0.08 | G142: 2.36912
A143: 40379 | B143: 6.7783 | D143: 0.14751 | F143: 0.07 | G143: 2.37176
A144: 40380 | B144: 6.7767 | D144: 0.14756 | F144: 0.08 | G144: 2.32617
A145: 40381 | B145: 6.7797 | D145: 0.14749 | F145: 0.05 | G145: 2.37529
A146: 40382 | B146: 6.7799 | D146: 0.14748 | F146: 0.06 | G146: 2.41016
A147: 40385 | B147: 6.779 | D147: 0.1475 | F147: 0.06 | G147: 2.40829
A148: 40386 | B148: 6.7784 | D148: 0.14758 | F148: 0.06 | G148: 2.41532
A149: 40387 | B149: 6.7779 | D149: 0.14752 | F149: 0.06 | G149: 2.37575
A150: 40388 | B150: 6.7761 | D150: 0.14747 | F150: 0.07 | G150: 2.40176
A151: 40389 | B151: 6.7745 | D151: 0.1476 | F151: 0.06 | G151: 2.3591
A152: 40392 | B152: 6.7745 | D152: 0.1476 | F152: 0.06 | G152: 2.40696
A153: 40393 | B153: 6.7734 | D153: 0.14765 | F153: 0.06 | G153: 2.37843
... A166: 40410 | B166: 6.7905 | D166: 0.14727 | F166: 0.07 | G166: 2.12358
A167: 40413 | B167: 6.8 | C167: 6.725 | D167: 0.14708 | E167: 0.1487 | F167: 0.06 | G167: 2.11937
A168: 40414 | B168: 6.7969 | C168: 6.7265 | D168: 0.14708 | F168: 0.07 | G168: 2.02566
A169: 40415 | B169: 6.7989 | C169: 6.7325 | D169: 0.14708 | E169: 0.1485 | F169: 0.06 | G169: 2.01746
A170: 40416 | B170: 6.7996 | C170: 6.745 | D170: 0.14715 | E170: 0.1483 | F170: 0.06 | G170: 1.95901
A171: 40417 | B171: 6.798 | C171: 6.753 | D171: 0.1471 | F171: 0.07 | G171: 2.09662
A172: 40420 | B172: 6.8033 | C172: 6.765 | D172: 0.14699 | E172: 0.1478 | F172: 0.06 | G172: 2.03563
A173: 40421 | B173: 6.8078 | C173: 6.775 | D173: 0.14683 | E173: 0.1476 | F173: 0.06 | G173: 1.99884
A174: 40422 | B174: 6.8108 | C174: 6.785 | D174: 0.14681 | E174: 0.1474 | F174: 0.06 | G174: 2.07188
A175: 40423 | B175: 6.8077 | C175: 6.7805 | D175: 0.14688 | F175: 0.06 | G175: 2.12972
A176: 40424 | B176: 6.8035 | C176: 6.773 | D176: 0.14698 | E176: 0.1476 | F176: 0.06 | G176: 2.18705
A177: 40427 | B177: 6.7877 | C177: 6.7645 | D177: 0.14732 | E177: 0.1478 | F177: 0.06 | G177: 2.18705
A178: 40428 | B178: 6.7912 | C178: 6.773 | D178: 0.14725 | E178: 0.1476 | F178: 0.06 | G178: 2.11593
A179: 40429 | B179: 6.7942 | C179: 6.775 | D179: 0.14718 | E179: 0.1476 | F179: 0.06 | G179: 2.14516
A180: 40430 | B180: 6.7829 | C180: 6.774 | D180: 0.14744 | F180: 0.06 | G180: 2.19234
A181: 40431 | B181: 6.7696 | C181: 6.765 | D181: 0.1477 | E181: 0.1478 | F181: 0.06 | G181: 2.22449
A182: 40434 | B182: 6.7618 | C182: 6.754 | D182: 0.14789 | E182: 0.1481 | F182: 0.06 | G182: 2.22063
A183: 40435 | B183: 6.7469 | C183: 6.74 | D183: 0.14824 | E183: 0.1484 | F183: 0.06 | G183: 2.18362
A184: 40436 | B184: 6.7433 | C184: 6.735 | D184: 0.14832 | E184: 0.1485 | F184: 0.06 | G184: 2.24127
A185: 40437 | B185: 6.725 | C185: 6.726 | D185: 0.14868 | E185: 0.1487 | F185: 0.06 | G185: 2.28927
A186: 40438 | B186: 6.7251 | C186: 6.7035 | D186: 0.14881 | E186: 0.1492 | F186: 0.06 | G186: 2.27332
A187: 40441 | B187: 6.7141 | C187: 6.7 | D187: 0.14901 | E187: 0.1493 | F187: 0.06 | G187: 2.24675
A188: 40442 | B188: 6.7061 | C188: 6.64 | D188: 0.14911 | E188: 0.1506 | F188: 0.06 | G188: 2.15721
A189: 40443 | B189: 6.691 | C189: 6.635 | D189: 0.14948 | F189: 0.06 | G189: 2.12656
A190: 40444 | B190: 6.689 | D190: 0.14952 | F190: 0.06 | G190: 2.13555
A191: 40445 | B191: 6.69 | C191: 6.625 | D191: 0.14958 | E191: 0.1509 | F191: 0.06 | G191: 2.16473
A192: 40448 | B192: 6.6909 | C192: 6.62 | D192: 0.14943 | E192: 0.1511 | F192: 0.06 | G192: 2.10839
A193: 40449 | B193: 6.6913 | C193: 6.615 | D193: 0.1493 | E193: 0.1512 | F193: 0.06 | G193: 2.03537
A194: 40450 | B194: 6.6873 | C194: 6.623 | D194: 0.14952 | E194: 0.151 | F194: 0.06 | G194: 2.07274
A195: 40451 | B195: 6.6921 | C195: 6.623 | D195: 0.14948 | E195: 0.151 | F195: 0.06 | G195: 2.08764
A196: 40452 | B196: 6.685 | D196: 0.14951 | F196: 0.06 | G196: 2.09526
A197: 40455 | B197: 6.6917 | C197: 6.6155 | D197: 0.14947 | E197: 0.1512 | F197: 0.06 | G197: 2.06917
A198: 40456 | B198: 6.6905 | C198: 6.611 | D198: 0.14944 | E198: 0.1513 | F198: 0.06 | G198: 2.07344
A199: 40457 | B199: 6.6805 | C199: 6.585 | D199: 0.14968 | E199: 0.1519 | F199: 0.06 | G199: 2.01463
A200: 40458 | B200: 6.6785 | C200: 6.5655 | D200: 0.14975 | E200: 0.1523 | F200: 0.07 | G200: 2.03216
A201: 40459 | B201: 6.673 | C201: 6.5645 | D201: 0.14982 | E201: 0.1523 | F201: 0.09 | G201: 2.04887
A202: 40462 | B202: 6.6672 | C202: 6.535 | D202: 0.15006 | E202: 0.153 | F202: 0.1 | G202: 2.04887
A203: 40463 | B203: 6.6734 | C203: 6.541 | D203: 0.14982 | E203: 0.1529 | F203: 0.09 | G203: 2.0639
A204: 40464 | B204: 6.6705 | C204: 6.5305 | D204: 0.15 | E204: 0.1531 | F204: 0.11 | G204: 2.06301
A205: 40465 | B205: 6.6512 | C205: 6.5055 | D205: 0.15028 | E205: 0.1537 | F205: 0.1 | G205: 2.13262
A206: 40466 | B206: 6.643 | C206: 6.503 | D206: 0.15057 | E206: 0.1538 | F206: 0.11 | G206: 2.20077
A207: 40469 | B207: 6.644 | C207: 6.4745 | D207: 0.15051 | E207: 0.1545 | F207: 0.1 | G207: 2.14862
...

Sheet yield_decomp
A1: Date | B1: 10Y Real Yield | C1: 10Y Breakeven Inflation | D1: 10Y Nominal Yield | E1: Nominal Yield Minus Real Yield Spread | F1: San Francisco Term Premium
A2: 45372 | B2: 1.93 | C2: 2.3549 | D2: 4.2669 | E2: 2.3369 | F2: =_xlfn.XLOOKUP(A2,[1]FRBSF_term_premium!A:A,[1]FRBSF_term_premium!D:D) -> 0.828095
A3: 45373 | B3: 1.87 | C3: 2.3477 | D3: 4.1981 | E3: 2.3281 | F3: =_xlfn.XLOOKUP(A3,[1]FRBSF_term_premium!A:A,[1]FRBSF_term_premium!D:D) -> 0.804067
A4: 45376 | B4: 1.92 | C4: 2.3363 | D4: 4.2454 | E4: 2.3254 | F4: =_xlfn.XLOOKUP(A4,[1]FRBSF_term_premium!A:A,[1]FRBSF_term_premium!D:D) -> 0.841934
A5: 45377 | B5: 1.92 | C5: 2.3287 | D5: 4.2316 | E5: 2.3116 | F5: =_xlfn.XLOOKUP(A5,[1]FRBSF_term_premium!A:A,[1]FRBSF_term_premium!D:D) -> 0.816905
A6: 45378 | B6: 1.88 | C6: 2.3086 | D6: 4.1903 | E6: 2.3103 | F6: =_xlfn.XLOOKUP(A6,[1]FRBSF_term_premium!A:A,[1]FRBSF_term_premium!D:D) -> 0.789819
A7: 45379 | B7: 1.88 | C7: 2.3246 | D7: 4.2003 | E7: 2.3203 | F7: =_xlfn.XLOOKUP(A7,[1]FRBSF_term_premium!A:A,[1]FRBSF_term_premium!D:D) -> 0.757235
A8: 45383 | B8: 1.98 | C8: 2.3462 | D8: 4.3092 | E8: 2.3292 | F8: =_xlfn.XLOOKUP(A8,[1]FRBSF_term_premium!A:A,[1]FRBSF_term_premium!D:D) -> 0.822846
A9: 45384 | B9: 2 | C9: 2.3646 | D9: 4.3491 | E9: 2.3491 | F9: =_xlfn.XLOOKUP(A9,[1]FRBSF_term_premium!A:A,[1]FRBSF_term_premium!D:D) -> 0.865329
A10: 45385 | B10: 2 | C10: 2.3519 | D10: 4.3472 | E10: 2.3472 | F10: =_xlfn.XLOOKUP(A10,[1]FRBSF_term_premium!A:A,[1]FRBSF_term_premium!D:D) -> 0.871042
A11: 45386 | B11: 1.97 | C11: 2.3622 | D11: 4.3094 | E11: 2.3394 | F11: =_xlfn.XLOOKUP(A11,[1]FRBSF_term_premium!A:A,[1]FRBSF_term_premium!D:D) -> 0.825577
A12: 45387 | B12: 2.02 | C12: 2.3738 | D12: 4.4016 | E12: 2.3816 | F12: =_xlfn.XLOOKUP(A12,[1]FRBSF_term_premium!A:A,[1]FRBSF_term_premium!D:D) -> 0.851266
A13: 45390 | B13: 2.04 | C13: 2.3911 | D13: 4.4198 | E13: 2.3798 | F13: =_xlfn.XLOOKUP(A13,[1]FRBSF_term_premium!A:A,[1]FRBSF_term_premium!D:D) -> 0.851739
... A291: 45796 | B291: 2.1 | C291: 2.3597 | D291: 4.4474 | E291: 2.3474 | F291: =_xlfn.XLOOKUP(A291,[1]FRBSF_term_premium!A:A,[1]FRBSF_term_premium!D:D) -> 1.307942
A292: 45797 | B292: 2.13 | C292: 2.3584 | D292: 4.4869 | E292: 2.3569
A293: 45798 | B293: 2.23 | C293: 2.3643 | D293: 4.5985 | E293: 2.3685
A294: 45799 | B294: 2.2 | C294: 2.3629 | D294: 4.5287 | E294: 2.3287
A295: 45800 | B295: 2.18 | C295: 2.3464 | D295: 4.511 | E295: 2.331
A296: 45804 | B296: 2.11 | C296: 2.3378 | D296: 4.4436 | E296: 2.3336
A297: 45805 | B297: 2.15 | C297: 2.3415 | D297: 4.4773 | E297: 2.3273
A298: 45806 | B298: 2.11 | C298: 2.3328 | D298: 4.418 | E298: 2.308
A299: 45807 | B299: 2.07 | C299: 2.3297 | D299: 4.4004 | E299: 2.3304
A300: 45810 | B300: 2.13 | C300: 2.3471 | D300: 4.4399 | E300: 2.3099
A301: 45811 | B301: 2.14 | C301: 2.3487 | D301: 4.4537 | E301: 2.3137
A302: 45812 | B302: 2.06 | C302: 2.3091 | D302: 4.3552 | E302: 2.2952
A303: 45813 | B303: 2.11 | C303: 2.2936 | D303: 4.3906 | E303: 2.2806
A304: 45814 | B304: 2.2 | C304: 2.3174 | D304: 4.5056 | E304: 2.3056
A305: 45815 | E305: 2.3056
A306: 45816 | E306: 2.3056
A307: 45817 | B307: 2.18 | C307: 2.313 | D307: 4.4738 | E307: 2.2938
A308: 45818 | B308: 2.18 | C308: 2.3036 | D308: 4.4698 | E308: 2.2898
A309: 45819 | B309: 2.14 | C309: 2.2869 | D309: 4.4203 | E309: 2.2803
A310: 45820 | B310: 2.11 | C310: 2.269 | D310: 4.3592 | E310: 2.2492
A311: 45821 | B311: 2.13 | C311: 2.2893 | D311: 4.3987 | E311: 2.2687
A312: 45822 | E312: 2.2687
A313: 45823 | E313: 2.2687
A314: 45824 | B314: 2.16 | C314: 2.3118 | D314: 4.4462 | E314: 2.2862
A315: 45825 | B315: 2.08 | C315: 2.3233 | D315: 4.3888 | E315: 2.3088
A316: 45826 | B316: 2.07 | C316: 2.323 | D316: 4.3909 | E316: 2.3209
A317: 45828 | B317: 2.05 | C317: 2.341 | D317: 4.3751 | E317: 2.3251
A318: 45831 | B318: 2.04 | C318: 2.3061 | D318: 4.3475 | E318: 2.3075
A319: 45832 | B319: 2.01 | C319: 2.2914 | D319: 4.2945 | E319: 2.2845
A320: 45833 | B320: 2.01 | C320: 2.2904 | D320: 4.2906 | E320: 2.2806
A321: 45834 | B321: 1.98 | C321: 2.2871 | D321: 4.2417 | E321: 2.2617
A322: 45835 | B322: 2 | C322: 2.3043 | D322: 4.2769 | E322: 2.2769
A323: 45838 | B323: 1.95 | C323: 2.2839 | D323: 4.228 | E323: 2.278
A324: 45839 | B324: 1.97 | C324: 2.2922 | D324: 4.2416 | E324: 2.2716
A325: 45840 | B325: 2 | C325: 2.3123 | D325: 4.2769 | E325: 2.2769
... A363: 45895 | B363: 1.84 | C363: 2.4352 | D363: 4.2615 | E363: 2.4215
A364: 45896 | B364: 1.81 | C364: 2.4392 | D364: 4.2343 | E364: =D363-B363 -> 2.4215
A365: 45897 | B365: 1.81 | C365: 2.4161 | D365: 4.2033 | E365: =D364-B364 -> 2.4243
A366: 45898 | B366: 1.82 | C366: 2.4122 | D366: 4.2284 | E366: =D365-B365 -> 2.3933
A367: 45899 | E367: =D366-B366 -> 2.4084
A368: 45900 | E368: =D367-B367 -> 0
A369: 45901 | E369: =D368-B368 -> 0
A370: 45902 | B370: 1.87 | C370: 2.4172 | D370: 4.2614 | E370: =D369-B369 -> 0
A371: 45903 | B371: 1.82 | C371: 2.4058 | D371: 4.2168 | E371: =D370-B370 -> 2.3914
A372: 45904 | B372: 1.79 | C372: 2.39 | D372: 4.1607 | E372: =D371-B371 -> 2.3968
A373: 45905 | B373: 1.73 | C373: 2.3738 | D373: 4.0742 | E373: =D372-B372 -> 2.3707
A374: 45906 | E374: =D373-B373 -> 2.3442
A375: 45907 | E375: =D374-B374 -> 0
A376: 45908 | B376: 1.7 | C376: 2.3564 | D376: 4.0398 | E376: =D375-B375 -> 0
A377: 45909 | B377: 1.72 | C377: 2.3699 | D377: 4.0875 | E377: =D376-B376 -> 2.3398
A378: 45910 | B378: 1.69 | C378: 2.3542 | D378: 4.0454 | E378: =D377-B377 -> 2.3675
A379: 45911 | B379: 1.67 | C379: 2.3614 | D379: 4.0206 | E379: =D378-B378 -> 2.3554
A380: 45912 | B380: 1.7 | C380: 2.3711 | D380: 4.0643 | E380: =D379-B379 -> 2.3506
A381: 45913 | E381: =D380-B380 -> 2.3643
A382: 45914 | E382: =D381-B381 -> 0
A383: 45915 | B383: 1.68 | C383: 2.3713 | D383: 4.0375 | E383: =D382-B382 -> 0
A384: 45916 | B384: 1.67 | C384: 2.3719 | D384: 4.0279 | E384: =D383-B383 -> 2.3575
A385: 45917 | B385: 1.68 | C385: 2.3915 | D385: 4.0872 | E385: =D384-B384 -> 2.3579
A386: 45918 | B386: 1.73 | C386: 2.3924 | D386: 4.1044 | E386: =D385-B385 -> 2.4072
A387: 45919 | B387: 1.75 | C387: 2.3895 | D387: 4.1274 | E387: =D386-B386 -> 2.3744
A388: 45920 | E388: =D387-B387 -> 2.3774
A389: 45921 | E389: =D388-B388 -> 0
A390: 45922 | B390: 1.78 | C390: 2.3725 | D390: 4.1467 | E390: =D389-B389 -> 0
A391: 45923 | B391: 1.75 | C391: 2.3744 | D391: 4.1061 | E391: =D390-B390 -> 2.3667
A392: 45924 | B392: 1.78 | C392: 2.3799 | D392: 4.1466 | E392: =D391-B391 -> 2.3561
A393: 45925 | B393: 1.8 | C393: 2.384 | D393: 4.1698 | E393: =D392-B392 -> 2.3666
A394: 45926 | B394: 1.82 | C394: 2.3807 | D394: 4.1755 | E394: =D393-B393 -> 2.3698
A395: 45927 | E395: =D394-B394 -> 2.3555
A396: 45928 | E396: =D395-B395 -> 0
A397: 45929 | B397: 1.8 | C397: 2.3604 | D397: 4.1387 | E397: =D396-B396 -> 0
A398: 45930 | B398: 1.8 | C398: 2.3707 | D398: 4.1503 | E398: =D397-B397 -> 2.3387
A399: 45931 | B399: 1.77 | C399: 2.3493 | D399: 4.0981 | E399: =D398-B398 -> 2.3503
A400: 45932 | B400: 1.76 | C400: 2.3305 | D400: 4.0827 | E400: =D399-B399 -> 2.3281
A401: 45933 | B401: 1.8 | C401: 2.3384 | D401: 4.1192 | E401: =D400-B400 -> 2.3227
A402: 45934 | E402: =D401-B401 -> 2.3192
A403: 45935 | E403: =D402-B402 -> 0
A404: 45936 | B404: 1.84 | C404: 2.3471 | D404: 4.152 | E404: =D403-B403 -> 0
A405: 45937 | B405: 1.79 | C405: 2.3557 | D405: 4.123 | E405: =D404-B404 -> 2.312
A406: 45938 | B406: 1.78 | C406: 2.3626 | D406: 4.1171 | E406: =D405-B405 -> 2.333
A407: 45939 | B407: 1.8 | C407: 2.356 | D407: 4.1384 | E407: =D406-B406 -> 2.3371
A408: 45940 | B408: 1.75 | C408: 2.322 | D408: 4.0322 | E408: =D407-B407 -> 2.3384
A409: 45941 | E409: =D408-B408 -> 2.2822
A410: 45942 | E410: =D409-B409 -> 0
A411: 45943 | E411: =D410-B410 -> 0
A412: 45944 | B412: 1.73 | C412: 2.3076 | D412: 4.0321 | E412: =D411-B411 -> 0
A413: 45945 | B413: 1.76 | C413: 2.3003 | D413: 4.0282 | E413: =D412-B412 -> 2.3021
A414: 45946 | B414: 1.71 | C414: 2.2766 | D414: 3.9745 | E414: =D413-B413 -> 2.2682
...

Sheet Sheet5
A1: Date | B1: kimwtp10 Term Premium
A2: 40182 | B2: 1.1325
A3: 40183 | B3: 1.1012
A4: 40184 | B4: 1.1205
A5: 40185 | B5: 1.13
A6: 40186 | B6: 1.1216
A7: 40189 | B7: 1.1267
A8: 40190 | B8: 1.0869
A9: 40191 | B9: 1.1029
A10: 40192 | B10: 1.0861
A11: 40193 | B11: 1.0601
A12: 40197 | B12: 1.0657
A13: 40198 | B13: 1.0485
... A3909: 45891 | B3909: 0.4935
A3910: 45894
A3911: 45895
A3912: 45896

Sheet SPX_selloff
A1: Date | B1: SPX
A2: 10595 | B2: 24.81
A3: 10596 | B3: 24.86
A4: 10597 | B4: 24.85
A5: 10600 | B5: 24.25
A6: 10601 | B6: 24.17
A7: 10602 | B7: 24.54
A8: 10603 | B8: 24.58
A9: 10604 | B9: 24.54
A10: 10607 | B10: 24.59
A11: 10608 | B11: 24.23
A12: 10609 | B12: 24.56
A13: 10610 | B13: 24.69
... A24300: 45924 | B24300: 6637.97

Sheet M2
A1: Date | B1: M2 | C1: BTC Spot
A2: 40210 | B2: 4.7184902e+13
A3: 40211 | B3: 4.7252125e+13
A4: 40212 | B4: 4.7133872e+13
A5: 40213 | B5: 4.7115257e+13
A6: 40214 | B6: 4.7040066e+13
A7: 40217 | B7: 4.7052588e+13
A8: 40218 | B8: 4.7192579e+13
A9: 40219 | B9: 4.7107984e+13
A10: 40220 | B10: 4.71277e+13
A11: 40221 | B11: 4.7055676e+13
A12: 40224 | B12: 4.7063779e+13
A13: 40225 | B13: 4.7235136e+13
... A133: 40390 | B133: 4.8352649e+13
A134: 40392 | B134: 4.8548826e+13 | C134: 0.06
A135: 40393 | B135: 4.867235e+13 | C135: 0.06
A136: 40394 | B136: 4.8567863e+13 | C136: 0.06
A137: 40395 | B137: 4.8647398e+13 | C137: 0.06
A138: 40396 | B138: 4.875888e+13 | C138: 0.06
A139: 40399 | B139: 4.870794e+13 | C139: 0.07
A140: 40400 | B140: 4.8690905e+13 | C140: 0.07
A141: 40401 | B141: 4.8358681e+13 | C141: 0.07
A142: 40402 | B142: 4.8258095e+13 | C142: 0.07
A143: 40403 | B143: 4.8143836e+13 | C143: 0.06
A144: 40406 | B144: 4.8304245e+13 | C144: 0.07
A145: 40407 | B145: 4.838821e+13 | C145: 0.07
... A4181: 46024 | B4181: 1.1592382e+14 | C4181: 89537.84
